-- phpMyAdmin SQL Dump
-- version 5.2.0
-- https://www.phpmyadmin.net/
--
-- Host: 127.0.0.1
-- Generation Time: Dec 12, 2022 at 02:03 AM
-- Server version: 10.4.25-MariaDB
-- PHP Version: 8.1.10

SET SQL_MODE = "NO_AUTO_VALUE_ON_ZERO";
START TRANSACTION;
SET time_zone = "+00:00";


/*!40101 SET @OLD_CHARACTER_SET_CLIENT=@@CHARACTER_SET_CLIENT */;
/*!40101 SET @OLD_CHARACTER_SET_RESULTS=@@CHARACTER_SET_RESULTS */;
/*!40101 SET @OLD_COLLATION_CONNECTION=@@COLLATION_CONNECTION */;
/*!40101 SET NAMES utf8mb4 */;

--
-- Database: `db_kel_oetete`
--

-- --------------------------------------------------------

--
-- Table structure for table `admin_login`
--

CREATE TABLE `admin_login` (
  `nama_lengkap` varchar(50) NOT NULL,
  `user_id` int(11) NOT NULL,
  `user_name` varchar(100) NOT NULL,
  `user_password` varchar(100) NOT NULL,
  `user_session_id` varchar(100) NOT NULL
) ENGINE=InnoDB DEFAULT CHARSET=latin1;

--
-- Dumping data for table `admin_login`
--

INSERT INTO `admin_login` (`nama_lengkap`, `user_id`, `user_name`, `user_password`, `user_session_id`) VALUES
('admin123', 17, 'admin123', 'admin123', '');

-- --------------------------------------------------------

--
-- Table structure for table `kbli`
--

CREATE TABLE `kbli` (
  `id_kbli` int(100) NOT NULL,
  `no_kbli` int(100) NOT NULL,
  `keterangan` varchar(200) NOT NULL
) ENGINE=InnoDB DEFAULT CHARSET=utf8mb4;

--
-- Dumping data for table `kbli`
--

INSERT INTO `kbli` (`id_kbli`, `no_kbli`, `keterangan`) VALUES
(1, 1, 'Pertanian Tanaman, Peternakan, Perburuan dan Kegiatan YBDI'),
(2, 2, 'Pengelolaan Kehutanan dan Penebangan'),
(3, 3, 'Perikanan'),
(4, 5, 'Pertambangan Batu Bara dan Lignit'),
(5, 6, 'Pertambangan Minyak Bumi dan Gas Alam dan Panas Bumi'),
(6, 7, 'Pertambangan Bijih Logam'),
(7, 8, 'Pertambangan dan Penggalian Lainnya'),
(8, 9, 'Aktivitas Jasa Penunjang Pertambangan'),
(9, 10, 'Industri Makanan'),
(10, 11, 'Industri Minuman'),
(11, 12, 'Industri Pengolahan Tembakau'),
(12, 13, 'Industri Tekstil'),
(13, 14, 'Industri Pakaian Jadi'),
(14, 15, 'Industri Kulit, Barang dari Kulit dan Alas\nKaki'),
(15, 16, 'Industri Kayu, Barang dari Kayu dan Gabus (Tidak Termasuk Furnitur) dan Barang Anyaman dari Bambu, Rotan\ndan Sejenisnya'),
(16, 17, 'Industri Kertas dan Barang dari Kertas'),
(17, 18, 'Industri Pencetakan dan Reproduksi\nMedia Rekaman'),
(18, 19, 'Industri Produk Dari Batu Bara dan Pengilangan Minyak Bumi'),
(19, 20, 'Industri Bahan Kimia dan Barang dari Bahan Kimia'),
(20, 21, 'Industri Farmasi, Produk Obat Kimia dan Obat Tradisional'),
(21, 22, 'Industri Karet, Barang dari Karet dan Plastik'),
(22, 23, 'Industri Barang Galian Bukan Logam'),
(23, 24, 'Industri Logam Dasar'),
(24, 25, 'Industri Barang Logam, Bukan Mesin\ndan Peralatannya'),
(25, 26, 'Industri Komputer, Barang Elektronik dan Optik'),
(26, 27, 'Industri Peralatan Listrik'),
(27, 28, 'Industri Mesin dan Perlengkapan ytdl'),
(28, 29, 'Industri Kendaraan Bermotor, Trailer dan Semi Trailer'),
(29, 30, 'Industri Alat Angkutan Lainnya'),
(30, 31, 'Industri Furnitur'),
(31, 32, 'Industri Pengolahan Lainnya'),
(32, 33, 'Reparasi dan Pemasangan Mesin dan Peralatan'),
(33, 35, 'Pengadaan Listrik, Gas, Uap/Air Panas dan Udara Dingin'),
(34, 36, 'Treatment Air'),
(35, 37, 'Treatment Air Limbah'),
(36, 38, 'Pengumpulan, Treatment dan Pembuangan Limbah dan Sampah Serta\nAktivitas Pemulihan Material'),
(37, 39, 'Aktivitas Remediasi dan Pengelolaan Limbah dan Sampah Lainnya'),
(38, 41, 'Konstruksi Gedung'),
(39, 42, 'Konstruksi Bangunan Sipil'),
(40, 43, 'Konstruksi Khusus'),
(41, 45, 'Perdagangan, Reparasi dan Perawatan\nMobil dan Sepeda Motor'),
(42, 46, 'Perdagangan Besar, Bukan Mobil dan Sepeda Motor'),
(43, 47, 'Perdagangan Eceran, Bukan Mobil dan Motor'),
(44, 49, 'Angkutan Darat dan Angkutan Melalui Saluran Pipa'),
(45, 50, 'Angkutan Perairan'),
(46, 51, 'Angkutan Udara'),
(47, 52, 'Pergudangan dan Aktivitas Penunjang Angkutan'),
(48, 53, 'Aktivitas Pos dan Kurir'),
(49, 55, 'Penyediaan Akomodasi'),
(50, 56, 'Penyediaan Makanan dan Minuman'),
(51, 58, 'Aktivitas Penerbitan'),
(52, 59, 'Aktivitas Produksi Gambar Bergerak, Video dan Program Televisi, Perekaman Suara dan Penerbitan Musik'),
(53, 60, 'Aktivitas Penyiaran dan Pemrograman'),
(54, 61, 'Telekomunikasi'),
(55, 62, 'Aktivitas Pemrograman, Konsultasi\nKomputer dan Kegiatan Ybdi'),
(56, 63, 'Aktivitas Jasa Informasi'),
(57, 64, 'Aktivitas Jasa Keuangan, Bukan Asuransi dan Dana Pensiun'),
(58, 65, 'Asuransi, Penjaminan, Reasuransi dan Dana Pensiun, Bukan Jaminan Sosial\nWajib'),
(59, 66, 'Aktivitas Penunjang Jasa Keuangan, Asuransi, Penjaminan dan Dana Pensiun'),
(60, 68, 'Real Estat'),
(61, 69, 'Aktivitas Hukum dan Akuntansi'),
(62, 70, 'Aktivitas Kantor Pusat dan Konsultasi Manajemen'),
(63, 71, 'Aktivitas Arsitektur dan Keinsinyuran,\nAnalisis dan Uji Teknis'),
(64, 72, 'Penelitian dan Pengembangan Ilmu\nPengetahuan'),
(65, 73, 'Periklanan dan Penelitian Pasar'),
(66, 74, 'Aktivitas Profesional, Ilmiah dan Teknis Lainnya'),
(67, 75, 'Aktivitas Kesehatan Hewan'),
(68, 77, 'Aktivitas Penyewaan dan Sewa Guna Usaha Tanpa Hak Opsi'),
(69, 78, 'Aktivitas Ketenagakerjaan'),
(70, 79, 'Aktivitas Agen Perjalanan, Penyelenggara Tur dan Jasa Reservasi Lainnya'),
(71, 80, 'Aktivitas Keamanan dan Penyelidikan'),
(72, 81, 'Aktivitas Penyedia Jasa untuk Gedung dan Pertamanan'),
(73, 82, 'Aktivitas Administrasi Kantor, Aktivitas Penunjang Kantor dan Aktivitas Penunjang Usaha Lainnya'),
(74, 84, 'Administrasi Pemerintahan, Pertahanan dan Jaminan Sosial Wajib'),
(75, 85, 'Pendidikan'),
(76, 86, 'Aktivitas Kesehatan Manusia'),
(77, 87, 'Aktivitas Sosial di Dalam Panti'),
(78, 88, 'Aktivitas Sosial Tanpa Akomodasi'),
(79, 90, 'Aktivitas Hiburan, Kesenian dan Kreativitas'),
(80, 91, 'Perpustakaan, Arsip, Museum dan Kegiatan Kebudayaan Lainnya'),
(81, 92, 'Aktivitas Perjudian dan Pertaruhan'),
(82, 93, 'Aktivitas Olahraga dan Rekreasi Lainnya'),
(83, 94, 'Aktivitas Keanggotaan Organisasi'),
(84, 95, 'Reparasi Komputer dan Barang Keperluan Pribadi dan Perlengkapan\nRumah Tangga'),
(85, 96, 'Aktivitas Jasa Perorangan Lainnya'),
(86, 97, 'Aktivitas Rumah Tangga Sebagai Pemberi Kerja Dari Personil Domestik'),
(87, 98, 'Aktivitas Yang Menghasilkan Barang dan Jasa oleh Rumah Tangga Yang Digunakan untuk Memenuhi Kebutuhan\nSendiri'),
(88, 99, 'Aktivitas Badan Internasional dan Badan Ekstra Internasional Lainnya');

-- --------------------------------------------------------

--
-- Table structure for table `kelahiran`
--

CREATE TABLE `kelahiran` (
  `id_lahir` int(11) NOT NULL,
  `kel_nomor_kk` bigint(16) NOT NULL,
  `nama` varchar(100) NOT NULL,
  `jenis_kelamin` enum('Laki-Laki','Perempuan') NOT NULL,
  `tgl_lahir` varchar(15) NOT NULL
) ENGINE=InnoDB DEFAULT CHARSET=utf8mb4;

--
-- Dumping data for table `kelahiran`
--

INSERT INTO `kelahiran` (`id_lahir`, `kel_nomor_kk`, `nama`, `jenis_kelamin`, `tgl_lahir`) VALUES
(1, 5371042712071052, 'REYNALDY PUTRA PRATAMA SUPENO', 'Laki-Laki', '05/11/1996'),
(2, 5371042712071052, 'ADINDA REVIONA ELIZABETH SUPENO', 'Perempuan', '02/12/2008'),
(3, 5370142712074673, 'MARTHA ROSARIOLEVAROS ISACH', 'Perempuan', '04/11/2002'),
(4, 5370142712074673, 'SANTO MARKUS ABIA ISACH', 'Laki-Laki', '08/02/2004'),
(5, 5371042502160007, 'SEVE DOMINI CALVARO TANAN', 'Laki-Laki', '27/09/2013'),
(6, 5371041102210008, 'VALENTINO ADOLF MARDAN DETHAN', 'Laki-Laki', '23/07/2004'),
(7, 5371041609200011, 'MARIA KEYSHA PAPA SEDA', 'Perempuan', '29/12/2014'),
(8, 5371041609200011, 'MARTHA MEYSA PAPA SEDA', 'Perempuan', '18/04/2017'),
(9, 5371041609200011, 'ANASTASIA T.M PAPA SEDA', 'Perempuan', '17/10/2018'),
(10, 5371042712072502, 'JEFRI LODOWIK BIRE', 'Laki-Laki', '08/01/1996'),
(11, 5371042712072502, 'YOPI HARYANTO BIRE', 'Laki-Laki', '04/09/1997'),
(12, 5371042712072502, 'DIKY RONALDI BIRE', 'Laki-Laki', '19/02/2002'),
(13, 5371042712072502, 'NONI ANGGELINA BIRE', 'Perempuan', '25/01/2004'),
(14, 5371042712072502, 'CHRISTIAN MELFIN ADELINO BIRE', 'Laki-Laki', '07/07/2017'),
(15, 5371042312072563, 'VANIA PAULIN HEO', 'Perempuan', '16/01/1998'),
(16, 5371042312072563, 'EDRA FREDERICA HEO', 'Perempuan', '20/05/2010'),
(17, 5371042112074817, 'YANA MARGAREDA HEO', 'Perempuan', '12/10/2000'),
(18, 5371042112074817, 'VENCE DANIELLE SAMPELANO HEO', 'Laki-Laki', '11/07/2005'),
(19, 5371042112074817, 'MARYSANDA IMELDIA HEO', 'Perempuan', '23/04/2002'),
(20, 5371041702160001, 'TRINITY KRISTIANI ISRAELA KOILOM', 'Laki-Laki', '06/09/2015'),
(21, 5371042101130025, 'JOHN JUNIOR REAGAN KADAFUK', 'Laki-Laki', '29/06/2014'),
(22, 5371040809170003, 'CHARLA JULIANA SWARGINI BOTHA', 'Perempuan', '09/07/2017'),
(23, 5371041101120003, 'JASHCA ESTEVAN DJOKAHO', 'Laki-Laki', '26/09/2008'),
(24, 5371041101120003, 'JASSHOM FABRIEL DJOKAHO', 'Laki-Laki', '04/02/2010'),
(25, 5371041101120003, 'JESICHA TREE MADELYN DJOKAHO', 'Perempuan', '12/08/2012'),
(26, 5371042212072475, 'SIMON HEO', 'Laki-Laki', '12/08/1955'),
(27, 5371042212072475, 'MARTHEN HEO', 'Laki-Laki', '19/03/1976'),
(28, 5371042312074279, 'YULISTA BANA', 'Perempuan', '08/06/1995'),
(29, 5371042312074279, 'IFFRI BANA', 'Laki-Laki', '12/01/1997'),
(30, 5371042312074279, 'JEMRI BANA ', 'Laki-Laki', '13/01/1999'),
(31, 5371042312074279, 'MATRHEN BANA', 'Laki-Laki', '31/03/2004'),
(32, 5371042312074279, 'MARGARETHA BANA', 'Perempuan', '07/05/2009'),
(33, 5371041005130010, 'PURANI DELINDIA HALUNDAKA', 'Perempuan', '13/02/1998'),
(34, 5371042212070332, 'CHARLY MARIO', 'Laki-Laki', '28/10/1987'),
(35, 5371042212070332, 'LUKAS APRIAN ANTONUS BOTHA', 'Laki-Laki', '05/04/1990'),
(36, 5371042412072006, 'DANISH GODLIEF MAYNARD HEO', 'Laki-Laki', '21/05/1993'),
(37, 5371042412072006, 'ROBERTO ABRAHAM YOSUA HEO', 'Laki-Laki', '23/01/2000'),
(38, 5371042412072006, 'ESLY DEBBY PERMATA HEO', 'Perempuan', '28/04/2001'),
(39, 5371041106130023, 'CHRISTINA PATTPELOHY', 'Perempuan', '23/09/1984'),
(40, 5371041106130023, 'SETIAWAN PATTPELOHY', 'Laki-Laki', '01/11/1987'),
(41, 5371041106130023, 'EIRENE PATTPELOHY', 'Perempuan', '09/05/1990'),
(42, 5371042712074260, 'RENNO TANAMAL', 'Laki-Laki', '03/03/1995'),
(43, 5371042712074260, 'INDONESIA TIMUR TANAMAL', 'Laki-Laki', '02/06/2000'),
(44, 5371041702160001, 'JERICO JORIM JAKOBUS KOILM', 'Laki-Laki', '16/12/2004'),
(45, 5371041702160001, 'GRESSELA MARGARETHA HETREDA KOILM', 'Perempuan', '11/08/2010'),
(46, 5371041702160001, 'TRINTY KRISTIANIISRAELA KOILM', 'Perempuan', '06/08/2015'),
(47, 5371042512072087, 'DEREVEN MANUEL LAYLADO', 'Laki-Laki', '01/04/1989'),
(48, 5371042512072087, 'MARIA JACOBA LAYLADO', 'Perempuan', '18/06/1998'),
(49, 5371041412110015, 'JOY PAULA HEO', 'Perempuan', '27/07/2005'),
(50, 5371042312074315, 'MILANIA MARCHANA DULE', 'Perempuan', '27/03/2000'),
(51, 5371042312074315, 'OLA YOHANA DULE', 'Perempuan', '28/10/2002'),
(52, 5371042412072547, 'JAQUELINE CARTIKA HERMANUS', 'Perempuan', '27/02/1991'),
(53, 5371042412072547, 'ROMAN DYUAN HERMANUS', 'Laki-Laki', '14/08/1994'),
(54, 5371041501210021, 'ARWIN EKA PUTRA', 'Laki-Laki', '20/02/2004'),
(55, 5371041005110006, 'MARGARETH YUMMA ADELAYDA SINE', 'Perempuan', '30/03/2006'),
(56, 5371041005110006, 'IZAK FERDINAND SINE', 'Laki-Laki', '29/04/2013'),
(57, 5371042207200005, 'JULIO PUTRA EKLESIA NARLAGE', 'Laki-Laki', '24/07/1997'),
(58, 5371042512070947, 'MARTHEN PUTRA ADI', 'Laki-Laki', '23/03/1984'),
(59, 5371042512070947, 'JEFIARS CIPRIANUS', 'Laki-Laki', '29/01/2013'),
(60, 5371040806220002, 'MARIA M SOGEN', 'Perempuan', '10/03/1994'),
(61, 5371042708180015, 'GAVIN DWAYNE NARGALE', 'Laki-Laki', '31/07/2019'),
(62, 5371042708180015, 'DJIEVANS JUSUF NARGALE', 'Laki-Laki', '03/02/2020'),
(63, 5370142312072026, 'PASKAH PATANDUNG', 'Laki-Laki', '16/04/2006'),
(64, 5370142312072026, 'EFROLIANGEL JASMIN PATANDUNG', 'Perempuan', '06/04/2013'),
(65, 5371042009170001, 'ALBY LUTFY', 'Laki-Laki', '22/05/2013'),
(66, 5371042009170001, 'DZAKI AL MAIR', 'Laki-Laki', '28/05/2014'),
(67, 5371042312074317, 'AGUSTINUS HERMANUS', 'Laki-Laki', '01/08/1975'),
(68, 5371040707140011, 'NABILA ISRAELA NAZHARANI LAY LADO', 'Perempuan', '02/09/2003'),
(69, 5371042712072814, 'YOHANES TEFA', 'Laki-Laki', '08/06/2009'),
(70, 5371042312073791, 'DERIVAT ELIM', 'Laki-Laki', '23/12/1994'),
(71, 5371042312073791, 'JUANDRI ELIM', 'Laki-Laki', '07/01/1997'),
(72, 5371042312073791, 'NOVITA TINEEKE ELIM', 'Perempuan', '27/09/1998'),
(73, 5371041910170003, 'JONATHAN OHEPHITO HENDRIK', 'Laki-Laki', '08/01/2012'),
(74, 5371041910170003, 'AGUSTO SUN ESPERA DO MUNDO', 'Laki-Laki', '17/08/2014'),
(75, 5371042002180015, 'NADILA PUTRY JINIVY', 'Perempuan', '24/07/2007'),
(76, 5371042002180015, 'AVRIL CALISTA NATHANIA BETTI', 'Perempuan', '19/04/2018'),
(77, 5371042312071505, 'CHRISTINE RIBKA D. RATU RADJA', 'Perempuan', '24/04/1993'),
(78, 5371042312071505, 'VAGSONW MARKUS RATU RADJA', 'Laki-Laki', '24/03/1998'),
(79, 5371042312071505, 'MARIA PURNAMA NITISTA RATU RADJA', 'Perempuan', '12/02/2006'),
(80, 5371040102190010, 'YUDHI NUGRAHA PUTRA SETIAWAN', 'Laki-Laki', '24/12/1996'),
(81, 5371040102190010, 'CHINTYA PARAMITHA MAHEZWARI', 'Perempuan', '23/06/2009'),
(82, 5371042812070440, 'ESTHERINA MARYANTI TOULASIIK', 'Perempuan', '08/03/2007'),
(83, 5371042812070440, 'PETRIANA YULIA TOULASIK', 'Perempuan', '15/08/2014'),
(84, 5371041805110005, 'SANTALUM LIDIIA ALEXANDRINA HAWULA', 'Perempuan', '27/01/2010'),
(85, 5371041805110005, 'DANIO JAOK SENGGE HAWULA', 'Laki-Laki', '21/05/2011'),
(86, 5371041507100009, 'RESYA MAVRIN ARDYANTY DALLE', 'Perempuan', '19/04/2006'),
(87, 5371041507100009, 'CHRIWMARK MATHEUW DALLE', 'Laki-Laki', '10/09/2007'),
(88, 5371042101130025, 'MARSELINA PRETI KADAFUK', 'Perempuan', '23/10/2004'),
(89, 5371042101130025, 'HAPPY HILARY THERESIA JOSLYN KADAFUK', 'Perempuan', '01/01/2010'),
(90, 5371042101130025, 'EDEN PRIOLA REAGAN KADAFUK', 'Laki-Laki', '20/12/2012'),
(91, 5371040702120020, 'NAFJON DJOKAHO', 'Laki-Laki', '03/11/2015'),
(92, 0, '', '', ''),
(93, 0, '', '', ''),
(94, 0, '', '', ''),
(95, 0, '', '', ''),
(96, 0, '', '', ''),
(97, 0, '', '', ''),
(98, 0, '', '', ''),
(99, 0, '', '', ''),
(100, 0, '', '', ''),
(101, 0, '', '', ''),
(102, 0, '', '', ''),
(103, 0, '', '', ''),
(104, 0, '', '', ''),
(105, 0, '', '', ''),
(106, 0, '', '', ''),
(107, 0, '', '', ''),
(108, 0, '', '', ''),
(109, 0, '', '', ''),
(110, 0, '', '', ''),
(111, 0, '', '', ''),
(112, 0, '', '', ''),
(113, 0, '', '', ''),
(114, 0, '', '', ''),
(115, 0, '', '', ''),
(116, 0, '', '', ''),
(117, 0, '', '', ''),
(118, 0, '', '', ''),
(119, 0, '', '', ''),
(120, 0, '', '', ''),
(121, 0, '', '', ''),
(122, 0, '', '', ''),
(123, 0, '', '', ''),
(124, 0, '', '', ''),
(125, 0, '', '', ''),
(126, 0, '', '', ''),
(127, 0, '', '', ''),
(128, 0, '', '', ''),
(129, 0, '', '', ''),
(130, 0, '', '', ''),
(131, 0, '', '', ''),
(132, 0, '', '', ''),
(133, 0, '', '', ''),
(134, 0, '', '', ''),
(135, 0, '', '', ''),
(136, 0, '', '', ''),
(137, 0, '', '', ''),
(138, 0, '', '', ''),
(139, 0, '', '', ''),
(140, 0, '', '', ''),
(141, 0, '', '', ''),
(142, 0, '', '', ''),
(143, 0, '', '', ''),
(144, 0, '', '', ''),
(145, 0, '', '', ''),
(146, 0, '', '', ''),
(147, 0, '', '', ''),
(148, 0, '', '', ''),
(149, 0, '', '', ''),
(150, 0, '', '', ''),
(151, 0, '', '', ''),
(152, 0, '', '', ''),
(153, 0, '', '', ''),
(154, 0, '', '', ''),
(155, 0, '', '', ''),
(156, 0, '', '', ''),
(157, 0, '', '', ''),
(158, 0, '', '', ''),
(159, 0, '', '', ''),
(160, 0, '', '', ''),
(161, 0, '', '', ''),
(162, 0, '', '', ''),
(163, 0, '', '', ''),
(164, 0, '', '', ''),
(165, 0, '', '', ''),
(166, 0, '', '', ''),
(167, 0, '', '', '');

-- --------------------------------------------------------

--
-- Table structure for table `keluar`
--

CREATE TABLE `keluar` (
  `id_pindah` int(11) NOT NULL,
  `kel_nomor_kk` bigint(16) NOT NULL,
  `tgl_pindah` varchar(15) NOT NULL,
  `penduduk_nik` bigint(16) NOT NULL,
  `alasan` varchar(15) NOT NULL
) ENGINE=InnoDB DEFAULT CHARSET=utf8mb4;

--
-- Dumping data for table `keluar`
--

INSERT INTO `keluar` (`id_pindah`, `kel_nomor_kk`, `tgl_pindah`, `penduduk_nik`, `alasan`) VALUES
(1, 5370142712074673, '04/12/2022', 5371042203600003, 'Pindah Kerja'),
(2, 5371040702120020, '04/12/2022', 5371041408720003, 'Pindah Kerja'),
(3, 5371040707140011, '04/12/2022', 5371042107670006, 'Pindah Kerja'),
(4, 5371040809170003, '04/12/2022', 5371041007850003, 'Pindah Kerja'),
(5, 5371041005110006, '04/12/2022', 5371044903790004, 'Mengikuti Kelua'),
(6, 5371041005130010, '04/12/2022', 5371044211630002, 'Pindah Kerja'),
(7, 5371041101120003, '04/12/2022', 5371042403760004, 'Pindah Kerja'),
(8, 5371041102210008, '04/12/2022', 5371045406470001, 'Pindah Kerja'),
(9, 5371041106130023, '04/12/2022', 5371044604590002, 'Mengikuti Kelua'),
(10, 5371041412110015, '04/12/2022', 5371041903760012, 'Mengikuti Kelua'),
(11, 5371041501210021, '04/12/2022', 5371047110760006, 'Mengikuti Kelua'),
(12, 5371041609200011, '04/12/2022', 5371042209840015, 'Pindah Kerja'),
(13, 5371041702160001, '04/12/2022', 5371040306820008, 'Mengikuti Kelua'),
(14, 5371042002180015, '04/12/2022', 5371041103830008, 'Pindah Kerja'),
(15, 5371042112074817, '04/12/2022', 5371041505600002, 'Pindah Kerja'),
(16, 5371042202210008, '04/12/2022', 5371045511608002, 'Pindah Kerja'),
(17, 5371042207200005, '04/12/2022', 5371044402550001, 'Mengikuti Kelua'),
(18, 5371042212070332, '04/12/2022', 5371041705600002, 'Pindah Kerja'),
(19, 5371042212072475, '04/12/2022', 5371046703350001, 'Pindah Kerja'),
(20, 5371042312070609, '04/12/2022', 5371041307470001, 'Pindah Kerja'),
(21, 5371042312071048, '04/12/2022', 5371042609580001, 'Pindah Kerja'),
(22, 5371042312072563, '04/12/2022', 5371040503730006, 'Pindah Kerja'),
(23, 5371042312074068, '04/12/2022', 5371046009490001, 'Pindah Kerja'),
(24, 5371042312074279, '04/12/2022', 5371040708660006, 'Pindah Kerja'),
(25, 5371042412072006, '04/12/2022', 5371042804690003, 'Pindah Kerja'),
(26, 5371042412072547, '04/12/2022', 5371042610610004, 'Mengikuti Kelua'),
(27, 5371042502160007, '04/12/2022', 5371022908880006, 'Pindah Kerja'),
(28, 5371042512070947, '04/12/2022', 5371040805630002, 'Mengikuti Kelua'),
(29, 5371042512072087, '04/12/2022', 5371044206700008, 'Mengikuti Kelua'),
(30, 5371042512072364, '04/12/2022', 5371042411670004, 'Mengikuti Kelua'),
(31, 5371042701120005, '04/12/2022', 5371045404630005, 'Mengikuti Kelua'),
(32, 5371042712071052, '04/12/2022', 5371041807720000, 'Pindah Kerja'),
(33, 5371042712072502, '04/12/2022', 5371041506670003, 'Pindah Kerja'),
(34, 5371042712074260, '04/12/2022', 5371042602700004, 'Pindah Kerja'),
(35, 5371042802180005, '04/12/2022', 5371026503660002, 'Mengikuti Kelua'),
(36, 5371042812070440, '04/12/2022', 5371041702750011, 'Pindah Kerja');

-- --------------------------------------------------------

--
-- Table structure for table `keluarga`
--

CREATE TABLE `keluarga` (
  `no_kk` bigint(16) NOT NULL,
  `kepala_kel` varchar(50) NOT NULL,
  `alamat` text NOT NULL,
  `rt` int(11) NOT NULL,
  `rw` int(11) NOT NULL,
  `kel_n_desa` varchar(50) NOT NULL,
  `kecamatan` varchar(50) NOT NULL,
  `kota_n_kab` varchar(50) NOT NULL,
  `provinsi` enum('Nanggroe Aceh Darussalam (NAD)','Sumatera Utara','Sumatera Selatan','Sumatera Barat','Bengkulu','Riau','Kepulauan Riau','Jambi','Lampung','Bangka Belitung','Kalimantan Barat','Kalimantan Timur','Kalimantan Selatan','Kalimantan Tengah','Kalimantan Utara','Banten','Daerah Khusus Ibu Kota Jakarta (DKI Jakarta)','Jawa Barat','Jawa Tengah','Daerah Istimewa Yogyakarta (DIY)','Jawa Timur','Bali','Nusa Tenggara Timur','Nusa Tenggara Barat','Gorontalo','Sulawesi Barat','Sulawesi Tengah','Sulawesi Utara','Sulawesi Tenggara','Sulawesi Selatan','Maluku Utara','Maluku','Papua Barat','Papua','Papua Selatan','Papua Tengah','Papua Pegunungan') NOT NULL
) ENGINE=InnoDB DEFAULT CHARSET=utf8mb4;

--
-- Dumping data for table `keluarga`
--

INSERT INTO `keluarga` (`no_kk`, `kepala_kel`, `alamat`, `rt`, `rw`, `kel_n_desa`, `kecamatan`, `kota_n_kab`, `provinsi`) VALUES
(3175090701097570, 'FX. SLAMET KUSHARYADI', 'RT 06/02', 6, 2, 'Oetete', 'Oebobo', 'Kota Kupang', 'Nusa Tenggara Timur'),
(3201011008070770, 'WANSER', 'RT 04/02', 4, 2, 'Oetete', 'Oebobo', 'Kota Kupang', 'Nusa Tenggara Timur'),
(3211182011080010, 'SARTA,SH', 'RT 02/01', 2, 1, 'Oetete', 'Oebobo', 'Kota Kupang', 'Nusa Tenggara Timur'),
(5271041512150000, 'ROY I.I.SEUBELAN', 'RT 08/03', 8, 3, 'Oetete', 'Oebobo', 'Kota Kupang', 'Nusa Tenggara Timur'),
(5301170906100000, 'GAYUS D.TIMUNENO', 'RT 11/04', 11, 4, 'Oetete', 'Oebobo', 'Kota Kupang', 'Nusa Tenggara Timur'),
(5371020411210000, 'IRVAN KRISTO ARIYANTO PELLONDO\'U', 'RT 11/04', 11, 4, 'Oetete', 'Oebobo', 'Kota Kupang', 'Nusa Tenggara Timur'),
(5371040102120020, 'JULIUS MAIL', 'RT 16/05', 16, 5, 'Oetete', 'Oebobo', 'Kota Kupang', 'Nusa Tenggara Timur'),
(5371040102170020, 'YULIANA BLANDINA TORSIA', 'RT 04/02', 4, 2, 'Oetete', 'Oebobo', 'Kota Kupang', 'Nusa Tenggara Timur'),
(5371040109150000, 'NAAMAN LUSSI', 'RT 09/03', 9, 3, 'Oetete', 'Oebobo', 'Kota Kupang', 'Nusa Tenggara Timur'),
(5371040109160000, 'YERVEN ZENARIO MESAH,SE', 'RT 11/04', 11, 4, 'Oetete', 'Oebobo', 'Kota Kupang', 'Nusa Tenggara Timur'),
(5371040109160020, 'SARLOTHA E. E. I. M. TOELLE', 'RT 13/04', 13, 4, 'Oetete', 'Oebobo', 'Kota Kupang', 'Nusa Tenggara Timur'),
(5371040110100010, 'PAULUS VEBY LANGKOLA', 'RT 16/05', 16, 5, 'Oetete', 'Oebobo', 'Kota Kupang', 'Nusa Tenggara Timur'),
(5371040110180000, 'PETRUS BENYAMIN KATU', 'RT 16/05', 16, 5, 'Oetete', 'Oebobo', 'Kota Kupang', 'Nusa Tenggara Timur'),
(5371040202120000, 'SELVINA SINLAE', 'RT 08/03', 8, 3, 'Oetete', 'Oebobo', 'Kota Kupang', 'Nusa Tenggara Timur'),
(5371040202210000, 'YOHANES DILLIAN PERRY MAN', 'RT 05/02', 5, 2, 'Oetete', 'Oebobo', 'Kota Kupang', 'Nusa Tenggara Timur'),
(5371040208160000, 'ROSALIN ENGGELINA FEDERIKA FOEH', 'RT 09/03', 9, 3, 'Oetete', 'Oebobo', 'Kota Kupang', 'Nusa Tenggara Timur'),
(5371040208170000, 'SELFINT JE SAULINT JE MANUAIN', 'RT 09/03', 9, 3, 'Oetete', 'Oebobo', 'Kota Kupang', 'Nusa Tenggara Timur'),
(5371040210190010, 'YUNITA P. SADUKH', 'RT 04/02', 4, 2, 'Oetete', 'Oebobo', 'Kota Kupang', 'Nusa Tenggara Timur'),
(5371040211150000, 'RETNO SUPENO', 'RT 03/01', 3, 1, 'Oetete', 'Oebobo', 'Kota Kupang', 'Nusa Tenggara Timur'),
(5371040212110000, 'Ibrahim', 'RT 12/04', 12, 4, 'Oetete', 'Oebobo', 'Kota Kupang', 'Nusa Tenggara Timur'),
(5371040301120000, 'ORBET MANDALA, S.Th', 'RT 05/02', 5, 2, 'Oetete', 'Oebobo', 'Kota Kupang', 'Nusa Tenggara Timur'),
(5371040308120010, 'NIKOLAS SABUNA', 'RT 08/03', 8, 3, 'Oetete', 'Oebobo', 'Kota Kupang', 'Nusa Tenggara Timur'),
(5371040308200000, 'MARTHA TOGAO', 'RT 15/05', 15, 5, 'Oetete', 'Oebobo', 'Kota Kupang', 'Nusa Tenggara Timur'),
(5371040309100020, 'NIXSON JEHESKIAL MEOK', 'RT 16/05', 16, 5, 'Oetete', 'Oebobo', 'Kota Kupang', 'Nusa Tenggara Timur'),
(5371040401110010, 'APRISEL MOBO', 'RT 11/04', 11, 4, 'Oetete', 'Oebobo', 'Kota Kupang', 'Nusa Tenggara Timur'),
(5371040402160010, 'JAMALUDIN GEBO', 'RT 13/04', 13, 4, 'Oetete', 'Oebobo', 'Kota Kupang', 'Nusa Tenggara Timur'),
(5371040407120010, 'YOHANES P. BEN TANONE', 'RT 15/05', 15, 5, 'Oetete', 'Oebobo', 'Kota Kupang', 'Nusa Tenggara Timur'),
(5371040408100000, 'JEKSON O. SEME', 'RT 05/02', 5, 2, 'Oetete', 'Oebobo', 'Kota Kupang', 'Nusa Tenggara Timur'),
(5371040409120000, 'SEMUEL PETRUS SADUK', 'RT 04/02', 4, 2, 'Oetete', 'Oebobo', 'Kota Kupang', 'Nusa Tenggara Timur'),
(5371040409170000, 'KATARINA ADELFINA LADJOE', 'RT 09/03', 9, 3, 'Oetete', 'Oebobo', 'Kota Kupang', 'Nusa Tenggara Timur'),
(5371040501120000, 'IRIANI FLORIDA NANGE', 'RT 02/01', 2, 1, 'Oetete', 'Oebobo', 'Kota Kupang', 'Nusa Tenggara Timur'),
(5371040501120010, 'RAMSES VIKTOR ELIM', 'RT 05/02', 5, 2, 'Oetete', 'Oebobo', 'Kota Kupang', 'Nusa Tenggara Timur'),
(5371040501120020, 'ERWIN FRANGKI DANIEL', 'RT 05/02', 5, 2, 'Oetete', 'Oebobo', 'Kota Kupang', 'Nusa Tenggara Timur'),
(5371040505150000, 'SUNIK', 'RT 09/03', 9, 3, 'Oetete', 'Oebobo', 'Kota Kupang', 'Nusa Tenggara Timur'),
(5371040510200000, 'DAMIANUS DAMONG DUAN', 'RT 12/04', 12, 4, 'Oetete', 'Oebobo', 'Kota Kupang', 'Nusa Tenggara Timur'),
(5371040606180000, 'APRY HAROLD MANAFE', 'RT 11/04', 11, 4, 'Oetete', 'Oebobo', 'Kota Kupang', 'Nusa Tenggara Timur'),
(5371040607150000, 'SONNY KLOMANGHITIS,SH', 'RT 12/04', 12, 4, 'Oetete', 'Oebobo', 'Kota Kupang', 'Nusa Tenggara Timur'),
(5371040607170000, 'ANTONIUS P. FALLO', 'RT 16/05', 16, 5, 'Oetete', 'Oebobo', 'Kota Kupang', 'Nusa Tenggara Timur'),
(5371040609120000, 'MERRY G. MESSAKH', 'RT 05/02', 5, 2, 'Oetete', 'Oebobo', 'Kota Kupang', 'Nusa Tenggara Timur'),
(5371040611180010, 'FARIDA YANTI TULLE', 'RT 05/02', 5, 2, 'Oetete', 'Oebobo', 'Kota Kupang', 'Nusa Tenggara Timur'),
(5371040703120000, 'MARGARETHA THERIK', 'RT 06/02', 6, 2, 'Oetete', 'Oebobo', 'Kota Kupang', 'Nusa Tenggara Timur'),
(5371040709150010, 'MARTHA MUSKANAN BULAN', 'RT 13/04', 13, 4, 'Oetete', 'Oebobo', 'Kota Kupang', 'Nusa Tenggara Timur'),
(5371040710110000, 'ANDRI VELENTINO LOBO', 'RT 09/03', 9, 3, 'Oetete', 'Oebobo', 'Kota Kupang', 'Nusa Tenggara Timur'),
(5371040801190000, 'PUTRI SUNDARI SOEPENO', 'RT 03/01', 3, 1, 'Oetete', 'Oebobo', 'Kota Kupang', 'Nusa Tenggara Timur'),
(5371040802120000, 'YOCE HERMANUS LAISKODAT', 'RT 11/04', 11, 4, 'Oetete', 'Oebobo', 'Kota Kupang', 'Nusa Tenggara Timur'),
(5371040802120010, 'HENDRIKUS SOLE WUWUR', 'RT 16/05', 16, 5, 'Oetete', 'Oebobo', 'Kota Kupang', 'Nusa Tenggara Timur'),
(5371040802120020, 'ADY JEFRI LAY', 'RT 09/03', 9, 3, 'Oetete', 'Oebobo', 'Kota Kupang', 'Nusa Tenggara Timur'),
(5371040804190010, 'ADARANS EFNASIUS NUBATONIS', 'RT 05/02', 5, 2, 'Oetete', 'Oebobo', 'Kota Kupang', 'Nusa Tenggara Timur'),
(5371040807210000, 'MELKIANUS ADOE', 'RT 09/03', 9, 3, 'Oetete', 'Oebobo', 'Kota Kupang', 'Nusa Tenggara Timur'),
(5371040810200000, 'CATUR DYAH RAHMADHANI', 'RT 05/02', 5, 2, 'Oetete', 'Oebobo', 'Kota Kupang', 'Nusa Tenggara Timur'),
(5371040810600000, 'SIMON SERAN', 'RT 12/04', 12, 4, 'Oetete', 'Oebobo', 'Kota Kupang', 'Nusa Tenggara Timur'),
(5371040901150000, 'SARLOTHA TAEDINI', 'RT 05/02', 5, 2, 'Oetete', 'Oebobo', 'Kota Kupang', 'Nusa Tenggara Timur'),
(5371040901200000, 'ALDINO FARADAY IMBANG', 'RT 05/02', 5, 2, 'Oetete', 'Oebobo', 'Kota Kupang', 'Nusa Tenggara Timur'),
(5371040904190000, 'YAPI RONUS SUKKA', 'RT 12/04', 12, 4, 'Oetete', 'Oebobo', 'Kota Kupang', 'Nusa Tenggara Timur'),
(5371040905180000, 'RICKY ERIECHO ISHAQ LERRICK', 'RT 12/04', 12, 4, 'Oetete', 'Oebobo', 'Kota Kupang', 'Nusa Tenggara Timur'),
(5371040908100010, 'MELKIANUS DANIEL ADOE', 'RT 06/02', 6, 2, 'Oetete', 'Oebobo', 'Kota Kupang', 'Nusa Tenggara Timur'),
(5371040912100020, 'BIBIANA S. BEDA', 'RT 04/02', 4, 2, 'Oetete', 'Oebobo', 'Kota Kupang', 'Nusa Tenggara Timur'),
(5371040912140000, 'BOBBY LIANTO', 'RT 09/03', 9, 3, 'Oetete', 'Oebobo', 'Kota Kupang', 'Nusa Tenggara Timur'),
(5371041002140010, 'YULIANA MELINDA MANTOLAS', 'RT 09/03', 9, 3, 'Oetete', 'Oebobo', 'Kota Kupang', 'Nusa Tenggara Timur'),
(5371041002150000, 'HENDRIK TAEDINI', 'RT 05/02', 5, 2, 'Oetete', 'Oebobo', 'Kota Kupang', 'Nusa Tenggara Timur'),
(5371041011200020, 'JAPRILUIS SOLUK', 'RT 05/02', 5, 2, 'Oetete', 'Oebobo', 'Kota Kupang', 'Nusa Tenggara Timur'),
(5371041101120010, 'MAGDALENA FANGGIDAE BULAN', 'RT 13/04', 13, 4, 'Oetete', 'Oebobo', 'Kota Kupang', 'Nusa Tenggara Timur'),
(5371041104180000, 'JOVITA JENNY Z. NDAUMANU', 'RT 05/02', 5, 2, 'Oetete', 'Oebobo', 'Kota Kupang', 'Nusa Tenggara Timur'),
(5371041106140010, 'WEMPI REINHARD NDOEN', 'RT 15/05', 15, 5, 'Oetete', 'Oebobo', 'Kota Kupang', 'Nusa Tenggara Timur'),
(5371041106190000, 'WAYAN MARIYATI', 'RT 13/04', 13, 4, 'Oetete', 'Oebobo', 'Kota Kupang', 'Nusa Tenggara Timur'),
(5371041112100000, 'ALAN ADIANTO LIU', 'RT 12/04', 12, 4, 'Oetete', 'Oebobo', 'Kota Kupang', 'Nusa Tenggara Timur'),
(5371041203190010, 'BRYAN V. NDUN', 'RT 16/05', 16, 5, 'Oetete', 'Oebobo', 'Kota Kupang', 'Nusa Tenggara Timur'),
(5371041204130000, 'STEFANUS PELLONDO\'U', 'RT 11/04', 11, 4, 'Oetete', 'Oebobo', 'Kota Kupang', 'Nusa Tenggara Timur'),
(5371041204190000, 'KRISTIAN PENU', 'RT 09/03', 9, 3, 'Oetete', 'Oebobo', 'Kota Kupang', 'Nusa Tenggara Timur'),
(5371041207120010, 'BENEDICTUS B. REHING', 'RT 16/05', 16, 5, 'Oetete', 'Oebobo', 'Kota Kupang', 'Nusa Tenggara Timur'),
(5371041209110010, 'LAURENTIUS NIA', 'RT 09/03', 9, 3, 'Oetete', 'Oebobo', 'Kota Kupang', 'Nusa Tenggara Timur'),
(5371041301140010, 'MARTHA LONDA', 'RT 11/04', 11, 4, 'Oetete', 'Oebobo', 'Kota Kupang', 'Nusa Tenggara Timur'),
(5371041302180000, 'ALBERT MARKUS TAEDINI', 'RT 05/02', 5, 2, 'Oetete', 'Oebobo', 'Kota Kupang', 'Nusa Tenggara Timur'),
(5371041303120020, 'ELSY MARGARETHA GIRI', 'RT 13/04', 13, 4, 'Oetete', 'Oebobo', 'Kota Kupang', 'Nusa Tenggara Timur'),
(5371041303140010, 'ANTONIUS STEVEN MANTOLAS', 'RT 09/03', 9, 3, 'Oetete', 'Oebobo', 'Kota Kupang', 'Nusa Tenggara Timur'),
(5371041305140000, 'HENDRA PETERSON SINE', 'RT 05/02', 5, 2, 'Oetete', 'Oebobo', 'Kota Kupang', 'Nusa Tenggara Timur'),
(5371041312110010, 'HUBERTH HERNANDO KEO,ST', 'RT 13/04', 13, 4, 'Oetete', 'Oebobo', 'Kota Kupang', 'Nusa Tenggara Timur'),
(5371041402110010, 'VINCENTIUS NATALIS D. BATAONA', 'RT 10/04', 10, 4, 'Oetete', 'Oebobo', 'Kota Kupang', 'Nusa Tenggara Timur'),
(5371041402190010, 'RAIS IZI GEBO', 'RT 13/04', 13, 4, 'Oetete', 'Oebobo', 'Kota Kupang', 'Nusa Tenggara Timur'),
(5371041406120010, 'JEFTA PELLANDOU', 'RT 11/04', 11, 4, 'Oetete', 'Oebobo', 'Kota Kupang', 'Nusa Tenggara Timur'),
(5371041407200010, 'RAYMOND REVRAIN ELIM', 'RT 05/02', 5, 2, 'Oetete', 'Oebobo', 'Kota Kupang', 'Nusa Tenggara Timur'),
(5371041407200020, 'ALAUDIN DJON MANDALA', 'RT 05/02', 5, 2, 'Oetete', 'Oebobo', 'Kota Kupang', 'Nusa Tenggara Timur'),
(5371041409120010, 'OCTOVIANUS TABUN', 'RT 02/01', 2, 1, 'Oetete', 'Oebobo', 'Kota Kupang', 'Nusa Tenggara Timur'),
(5371041411160000, 'LAMBERTUS MAU', 'RT 09/03', 9, 3, 'Oetete', 'Oebobo', 'Kota Kupang', 'Nusa Tenggara Timur'),
(5371041411190000, 'SELFIANA BUNGA', 'RT 05/02', 5, 2, 'Oetete', 'Oebobo', 'Kota Kupang', 'Nusa Tenggara Timur'),
(5371041412120010, 'JEMY MARTHEN LAY', 'RT 09/03', 9, 3, 'Oetete', 'Oebobo', 'Kota Kupang', 'Nusa Tenggara Timur'),
(5371041501130000, 'MARTEDA TITU EKI', 'RT 06/02', 6, 2, 'Oetete', 'Oebobo', 'Kota Kupang', 'Nusa Tenggara Timur'),
(5371041501150000, 'JEFRI EFRAIM ADULANU', 'RT 05/02', 5, 2, 'Oetete', 'Oebobo', 'Kota Kupang', 'Nusa Tenggara Timur'),
(5371041504110010, 'FRENGKI RIED NGEFAK', 'RT 09/03', 9, 3, 'Oetete', 'Oebobo', 'Kota Kupang', 'Nusa Tenggara Timur'),
(5371041505130000, 'HASAN ADJAM', 'RT 06/02', 6, 2, 'Oetete', 'Oebobo', 'Kota Kupang', 'Nusa Tenggara Timur'),
(5371041505180000, 'JOHANA M.LIONG', 'RT 08/03', 8, 3, 'Oetete', 'Oebobo', 'Kota Kupang', 'Nusa Tenggara Timur'),
(5371041507130010, 'ADRIANUS TINO', 'RT 05/02', 5, 2, 'Oetete', 'Oebobo', 'Kota Kupang', 'Nusa Tenggara Timur'),
(5371041509170010, 'ELYAS ANDRES PAULUS FOEH', 'RT 09/03', 9, 3, 'Oetete', 'Oebobo', 'Kota Kupang', 'Nusa Tenggara Timur'),
(5371041603110000, 'ALBERTH MELKIUR BANI', 'RT 15/05', 15, 5, 'Oetete', 'Oebobo', 'Kota Kupang', 'Nusa Tenggara Timur'),
(5371041605120000, 'I GUSTI PUTU PUTRA', 'RT 08/03', 8, 3, 'Oetete', 'Oebobo', 'Kota Kupang', 'Nusa Tenggara Timur'),
(5371041605130020, 'NICSON N. PELLONDOU', 'RT 11/04', 11, 4, 'Oetete', 'Oebobo', 'Kota Kupang', 'Nusa Tenggara Timur'),
(5371041606200000, 'YEANE CHATERINA ERMY NDOEN BANOET', 'RT 10/04', 10, 4, 'Oetete', 'Oebobo', 'Kota Kupang', 'Nusa Tenggara Timur'),
(5371041608180000, 'JULIAN RUDYBEL LAPEBESI', 'RT 05/02', 5, 2, 'Oetete', 'Oebobo', 'Kota Kupang', 'Nusa Tenggara Timur'),
(5371041609130000, 'FRANSISKUS SILA', 'RT 10/04', 10, 4, 'Oetete', 'Oebobo', 'Kota Kupang', 'Nusa Tenggara Timur'),
(5371041609150010, 'HENDRYCH REGEN MESAH', 'RT 13/04', 13, 4, 'Oetete', 'Oebobo', 'Kota Kupang', 'Nusa Tenggara Timur'),
(5371041612110000, 'ERWIN Y. MOLINA', 'RT 16/05', 16, 5, 'Oetete', 'Oebobo', 'Kota Kupang', 'Nusa Tenggara Timur'),
(5371041701180010, 'MARIANCE DETHAN NDAOMANU', 'RT 06/02', 6, 2, 'Oetete', 'Oebobo', 'Kota Kupang', 'Nusa Tenggara Timur'),
(5371041702210000, 'AHMAD MUSTHOFA DIMYATI', 'RT 11/04', 11, 4, 'Oetete', 'Oebobo', 'Kota Kupang', 'Nusa Tenggara Timur'),
(5371041704200000, 'SENCY SUFRIANA APLONIA FANGGIDAE', 'RT 13/04', 13, 4, 'Oetete', 'Oebobo', 'Kota Kupang', 'Nusa Tenggara Timur'),
(5371041706110000, 'ZACHEOS ADULANU', 'RT 05/02', 5, 2, 'Oetete', 'Oebobo', 'Kota Kupang', 'Nusa Tenggara Timur'),
(5371041709180020, 'RONALD SAUL ERWIN KLOMANG HITIS ', 'RT 12/04', 12, 4, 'Oetete', 'Oebobo', 'Kota Kupang', 'Nusa Tenggara Timur'),
(5371041710130000, 'SAMUEL ADOE', 'RT 06/02', 6, 2, 'Oetete', 'Oebobo', 'Kota Kupang', 'Nusa Tenggara Timur'),
(5371041801110000, 'DRA CARLA NDOEN', 'RT 03/01', 3, 1, 'Oetete', 'Oebobo', 'Kota Kupang', 'Nusa Tenggara Timur'),
(5371041802140000, 'GUSTOMO', 'RT 03/01', 3, 1, 'Oetete', 'Oebobo', 'Kota Kupang', 'Nusa Tenggara Timur'),
(5371041802300010, 'HARTA DANIO RATU LUDJI', 'RT 08/03', 8, 3, 'Oetete', 'Oebobo', 'Kota Kupang', 'Nusa Tenggara Timur'),
(5371041803210000, 'ARLENS IMANUEL NUBATONIS', 'RT 05/02', 5, 2, 'Oetete', 'Oebobo', 'Kota Kupang', 'Nusa Tenggara Timur'),
(5371041805200000, 'MARTHA N. FERNANDEZ AIKOLI', 'RT 05/02', 5, 2, 'Oetete', 'Oebobo', 'Kota Kupang', 'Nusa Tenggara Timur'),
(5371041807120030, 'MOHADI', 'RT 05/02', 5, 2, 'Oetete', 'Oebobo', 'Kota Kupang', 'Nusa Tenggara Timur'),
(5371041901120000, 'SILVESTER NDAUMANU', 'RT 06/02', 6, 2, 'Oetete', 'Oebobo', 'Kota Kupang', 'Nusa Tenggara Timur'),
(5371041903200000, 'REYMON AXEL AMALO', 'RT 05/02', 5, 2, 'Oetete', 'Oebobo', 'Kota Kupang', 'Nusa Tenggara Timur'),
(5371041904110010, 'NIANDER KORNELIS MELKIANS BEEH', 'RT 09/03', 9, 3, 'Oetete', 'Oebobo', 'Kota Kupang', 'Nusa Tenggara Timur'),
(5371041907100010, 'GATOT HARTONO', 'RT 06/02', 6, 2, 'Oetete', 'Oebobo', 'Kota Kupang', 'Nusa Tenggara Timur'),
(5371041907120020, 'FRANSISKA DORTIA GEDA RANDU', 'RT 02/01', 2, 1, 'Oetete', 'Oebobo', 'Kota Kupang', 'Nusa Tenggara Timur'),
(5371041907180000, 'YUNINA MATGARITA ALUNAT SADUK', 'RT 11/04', 11, 4, 'Oetete', 'Oebobo', 'Kota Kupang', 'Nusa Tenggara Timur'),
(5371041908140000, 'ERNA MELIANTJE ADULANU', 'RT 05/02', 5, 2, 'Oetete', 'Oebobo', 'Kota Kupang', 'Nusa Tenggara Timur'),
(5371041908150000, 'YOHANES EKO', 'RT 09/03', 9, 3, 'Oetete', 'Oebobo', 'Kota Kupang', 'Nusa Tenggara Timur'),
(5371041908190000, 'DORSILA LUASE', 'RT 11/04', 11, 4, 'Oetete', 'Oebobo', 'Kota Kupang', 'Nusa Tenggara Timur'),
(5371041912120000, 'PRADIAN K.S. LONAKIOEK', 'RT 02/01', 2, 1, 'Oetete', 'Oebobo', 'Kota Kupang', 'Nusa Tenggara Timur'),
(5371042000100030, 'YULIUS TON', 'RT 11/04', 11, 4, 'Oetete', 'Oebobo', 'Kota Kupang', 'Nusa Tenggara Timur'),
(5371042003120010, 'DAMIANUS DEMONG DUAN', 'RT 12/04', 12, 4, 'Oetete', 'Oebobo', 'Kota Kupang', 'Nusa Tenggara Timur'),
(5371042005110020, 'DAVID TOH', 'RT 10/04', 10, 4, 'Oetete', 'Oebobo', 'Kota Kupang', 'Nusa Tenggara Timur'),
(5371042011190000, 'ARJIM MALKIT TANEO', 'RT 09/03', 9, 3, 'Oetete', 'Oebobo', 'Kota Kupang', 'Nusa Tenggara Timur'),
(5371042012070470, 'AMELIA LOLA ADU', 'RT 09/03', 9, 3, 'Oetete', 'Oebobo', 'Kota Kupang', 'Nusa Tenggara Timur'),
(5371042012070770, 'MARTHEN ABRAHAM LUSI', 'RT 05/02', 5, 2, 'Oetete', 'Oebobo', 'Kota Kupang', 'Nusa Tenggara Timur'),
(5371042012070810, 'DANCE TULLE', 'RT 05/02', 5, 2, 'Oetete', 'Oebobo', 'Kota Kupang', 'Nusa Tenggara Timur'),
(5371042012071030, 'DANIEL S.DILLAK', 'RT 09/03', 9, 3, 'Oetete', 'Oebobo', 'Kota Kupang', 'Nusa Tenggara Timur'),
(5371042012071290, 'LODIA FOE-NAFIE', 'RT 08/03', 8, 3, 'Oetete', 'Oebobo', 'Kota Kupang', 'Nusa Tenggara Timur'),
(5371042012071970, 'RUBEN BENY A. SADUKH', 'RT 04/02', 4, 2, 'Oetete', 'Oebobo', 'Kota Kupang', 'Nusa Tenggara Timur'),
(5371042012072290, 'Ridwan A. F. Dethan', 'RT 12/04', 12, 4, 'Oetete', 'Oebobo', 'Kota Kupang', 'Nusa Tenggara Timur'),
(5371042012073510, 'THOBIAS DARWIN J. NALLE', 'RT 02/01', 2, 1, 'Oetete', 'Oebobo', 'Kota Kupang', 'Nusa Tenggara Timur'),
(5371042012073770, 'CHRISTOFEL WABANG', 'RT 16/05', 16, 5, 'Oetete', 'Oebobo', 'Kota Kupang', 'Nusa Tenggara Timur'),
(5371042012074540, 'DANIEL D. ADU LENGGU', 'RT 07/03', 7, 3, 'Oetete', 'Oebobo', 'Kota Kupang', 'Nusa Tenggara Timur'),
(5371042012074650, 'ISKANDAR ADOE', 'RT 06/02', 6, 2, 'Oetete', 'Oebobo', 'Kota Kupang', 'Nusa Tenggara Timur'),
(5371042012170000, 'OKTOVIANUS DAE PANIE', 'RT 04/02', 4, 2, 'Oetete', 'Oebobo', 'Kota Kupang', 'Nusa Tenggara Timur'),
(5371042012190000, 'MARLISE R. LAY CHANDRA', 'RT 09/03', 9, 3, 'Oetete', 'Oebobo', 'Kota Kupang', 'Nusa Tenggara Timur'),
(5371042102110000, 'MELFIN MARTINUS M. A. ADULANU', 'RT 05/02', 5, 2, 'Oetete', 'Oebobo', 'Kota Kupang', 'Nusa Tenggara Timur'),
(5371042104210010, 'Dedy Alim Firmansyah', 'RT 12/04', 12, 4, 'Oetete', 'Oebobo', 'Kota Kupang', 'Nusa Tenggara Timur'),
(5371042105190000, 'YODIANSI NALLE', 'RT 08/03', 8, 3, 'Oetete', 'Oebobo', 'Kota Kupang', 'Nusa Tenggara Timur'),
(5371042106110000, 'MELCHIANUS PANDIE', 'RT 05/02', 5, 2, 'Oetete', 'Oebobo', 'Kota Kupang', 'Nusa Tenggara Timur'),
(5371042109100010, 'ORPA KOME LIMA', 'RT 13/04', 13, 4, 'Oetete', 'Oebobo', 'Kota Kupang', 'Nusa Tenggara Timur'),
(5371042109200000, 'INOCENSIUS FRANCO PAY', 'RT 05/02', 5, 2, 'Oetete', 'Oebobo', 'Kota Kupang', 'Nusa Tenggara Timur'),
(5371042110100010, 'TONNY GOUSARIO', 'RT 04/02', 4, 2, 'Oetete', 'Oebobo', 'Kota Kupang', 'Nusa Tenggara Timur'),
(5371042112071910, 'MARTINUS BATAN', 'RT 07/03', 7, 3, 'Oetete', 'Oebobo', 'Kota Kupang', 'Nusa Tenggara Timur'),
(5371042112071970, 'THOBIAS S. DAUD LOLA', 'RT 09/03', 9, 3, 'Oetete', 'Oebobo', 'Kota Kupang', 'Nusa Tenggara Timur'),
(5371042112100040, 'PETRUS FANGIDAE', 'RT 15/05', 15, 5, 'Oetete', 'Oebobo', 'Kota Kupang', 'Nusa Tenggara Timur'),
(5371042112120010, 'MARTHEN NDAOMANU', 'RT 15/05', 15, 5, 'Oetete', 'Oebobo', 'Kota Kupang', 'Nusa Tenggara Timur'),
(5371042204130010, 'MELKIANUS PELLONDO J', 'RT 11/04', 11, 4, 'Oetete', 'Oebobo', 'Kota Kupang', 'Nusa Tenggara Timur'),
(5371042207150000, 'CHROMATIUS ADVENTUS BEYER KEBAN', 'RT 16/05', 16, 5, 'Oetete', 'Oebobo', 'Kota Kupang', 'Nusa Tenggara Timur'),
(5371042208130000, 'MERY PELLA', 'RT 15/05', 15, 5, 'Oetete', 'Oebobo', 'Kota Kupang', 'Nusa Tenggara Timur'),
(5371042212070660, 'GEORGE RADJA MADJI', 'RT 11/04', 11, 4, 'Oetete', 'Oebobo', 'Kota Kupang', 'Nusa Tenggara Timur'),
(5371042212070710, 'DJONY N. B. WELLA', 'RT 04/02', 4, 2, 'Oetete', 'Oebobo', 'Kota Kupang', 'Nusa Tenggara Timur'),
(5371042212070930, 'NELTJI W. LASI-BOIMATA', 'RT 16/05', 16, 5, 'Oetete', 'Oebobo', 'Kota Kupang', 'Nusa Tenggara Timur'),
(5371042212071090, 'MATHEOS BOBOY, DRS.', 'RT 07/03', 7, 3, 'Oetete', 'Oebobo', 'Kota Kupang', 'Nusa Tenggara Timur'),
(5371042212071130, 'OKTOVIANUS KINLE\'E', 'RT 13/04', 13, 4, 'Oetete', 'Oebobo', 'Kota Kupang', 'Nusa Tenggara Timur'),
(5371042212071220, 'JERMIAS TUANAHOPE', 'RT 05/02', 5, 2, 'Oetete', 'Oebobo', 'Kota Kupang', 'Nusa Tenggara Timur'),
(5371042212071430, 'BONEFASIUS HAMA', 'RT 15/05', 15, 5, 'Oetete', 'Oebobo', 'Kota Kupang', 'Nusa Tenggara Timur'),
(5371042212072820, 'DAMIANUS BENNY SAMADARA', 'RT 09/03', 9, 3, 'Oetete', 'Oebobo', 'Kota Kupang', 'Nusa Tenggara Timur'),
(5371042212072880, 'MATHEOS HABA BUNGA', 'RT 05/02', 5, 2, 'Oetete', 'Oebobo', 'Kota Kupang', 'Nusa Tenggara Timur'),
(5371042212073080, 'DANIEL CHRISTOVEL DE FRETES', 'RT 09/03', 9, 3, 'Oetete', 'Oebobo', 'Kota Kupang', 'Nusa Tenggara Timur'),
(5371042212140000, 'FRANS VINCENT FOLLA', 'RT 09/03', 9, 3, 'Oetete', 'Oebobo', 'Kota Kupang', 'Nusa Tenggara Timur'),
(5371042303110000, 'FREDIK EDISON TABUN ', 'RT 02/01', 2, 1, 'Oetete', 'Oebobo', 'Kota Kupang', 'Nusa Tenggara Timur'),
(5371042306110010, 'VINISIUS ADRIANUS HAYONG', 'RT 09/03', 9, 3, 'Oetete', 'Oebobo', 'Kota Kupang', 'Nusa Tenggara Timur'),
(5371042308110000, 'FERDI GO', 'RT 16/05', 16, 5, 'Oetete', 'Oebobo', 'Kota Kupang', 'Nusa Tenggara Timur'),
(5371042308120000, 'IWAN ROBBERTH BEYAMIN MESSAH,S.TP', 'RT 09/03', 9, 3, 'Oetete', 'Oebobo', 'Kota Kupang', 'Nusa Tenggara Timur'),
(5371042310170000, 'FERDINAND LAPEBESI', 'RT 05/02', 5, 2, 'Oetete', 'Oebobo', 'Kota Kupang', 'Nusa Tenggara Timur'),
(5371042310180010, 'JOHANNES PANDAPOTAN SAMOSIR', 'RT 05/02', 5, 2, 'Oetete', 'Oebobo', 'Kota Kupang', 'Nusa Tenggara Timur'),
(5371042311200000, 'SAMUEL MOOY', 'RT 11/04', 11, 4, 'Oetete', 'Oebobo', 'Kota Kupang', 'Nusa Tenggara Timur'),
(5371042312070430, 'RUBEN FUNAY, DRS', 'RT 02/01', 2, 1, 'Oetete', 'Oebobo', 'Kota Kupang', 'Nusa Tenggara Timur'),
(5371042312070950, 'NELCI M. SEME MOUWLAKA', 'RT 13/04', 13, 4, 'Oetete', 'Oebobo', 'Kota Kupang', 'Nusa Tenggara Timur'),
(5371042312071000, 'MARKUS MAILETI', 'RT 02/01', 2, 1, 'Oetete', 'Oebobo', 'Kota Kupang', 'Nusa Tenggara Timur'),
(5371042312071410, 'HENGKY LIANTO', 'RT 09/03', 9, 3, 'Oetete', 'Oebobo', 'Kota Kupang', 'Nusa Tenggara Timur'),
(5371042312071500, 'F. JEFRI FERNANDEZ, BE', 'RT 05/02', 5, 2, 'Oetete', 'Oebobo', 'Kota Kupang', 'Nusa Tenggara Timur'),
(5371042312071760, 'AGUSTINUS FANGGIDAE', 'RT 05/02', 5, 2, 'Oetete', 'Oebobo', 'Kota Kupang', 'Nusa Tenggara Timur'),
(5371042312072460, 'JUPETERS BETRINA KATU SANU', 'RT 16/05', 16, 5, 'Oetete', 'Oebobo', 'Kota Kupang', 'Nusa Tenggara Timur'),
(5371042312072580, 'RIADI', 'RT 05/02', 5, 2, 'Oetete', 'Oebobo', 'Kota Kupang', 'Nusa Tenggara Timur'),
(5371042312072740, 'BENE DIKTUS LIWU', 'RT 03/01', 3, 1, 'Oetete', 'Oebobo', 'Kota Kupang', 'Nusa Tenggara Timur'),
(5371042312072900, 'NELTJI LAHADE-DACOSTA', 'RT 08/03', 8, 3, 'Oetete', 'Oebobo', 'Kota Kupang', 'Nusa Tenggara Timur'),
(5371042312073190, 'MARIA MAGDALENA ADULANU', 'RT 05/02', 5, 2, 'Oetete', 'Oebobo', 'Kota Kupang', 'Nusa Tenggara Timur'),
(5371042312073760, 'TIMY MEXY AMALO', 'RT 05/02', 5, 2, 'Oetete', 'Oebobo', 'Kota Kupang', 'Nusa Tenggara Timur'),
(5371042312073920, 'HERYSON MATITA', 'RT 15/05', 15, 5, 'Oetete', 'Oebobo', 'Kota Kupang', 'Nusa Tenggara Timur'),
(5371042312074430, 'ANNA MADA HERMANUS', 'RT 08/03', 8, 3, 'Oetete', 'Oebobo', 'Kota Kupang', 'Nusa Tenggara Timur'),
(5371042401120000, 'MARKUS BATA', 'RT 15/05', 15, 5, 'Oetete', 'Oebobo', 'Kota Kupang', 'Nusa Tenggara Timur'),
(5371042401140000, 'LAURETHA DIANA MAU', 'RT 05/02', 5, 2, 'Oetete', 'Oebobo', 'Kota Kupang', 'Nusa Tenggara Timur'),
(5371042402120010, 'WELLY BULAN-TANANGGOE', 'RT 15/05', 15, 5, 'Oetete', 'Oebobo', 'Kota Kupang', 'Nusa Tenggara Timur'),
(5371042404144000, 'ROSADA TH ROEN-DAIK', 'RT 10/04', 10, 4, 'Oetete', 'Oebobo', 'Kota Kupang', 'Nusa Tenggara Timur'),
(5371042406190000, 'SEPRIANUS D. BEDA', 'RT 16/05', 16, 5, 'Oetete', 'Oebobo', 'Kota Kupang', 'Nusa Tenggara Timur'),
(5371042407120000, 'SEMI SELAN', 'RT 11/04', 11, 4, 'Oetete', 'Oebobo', 'Kota Kupang', 'Nusa Tenggara Timur'),
(5371042407120020, 'AGUS H.JOOSTENSZ', 'RT 08/03', 8, 3, 'Oetete', 'Oebobo', 'Kota Kupang', 'Nusa Tenggara Timur'),
(5371042407120030, 'MAX EDWIN TNUNAY', 'RT 11/04', 11, 4, 'Oetete', 'Oebobo', 'Kota Kupang', 'Nusa Tenggara Timur'),
(5371042410160010, 'LEXIMUS FANGGIDAE', 'RT 05/02', 5, 2, 'Oetete', 'Oebobo', 'Kota Kupang', 'Nusa Tenggara Timur'),
(5371042410180000, 'FRENGKY ELKIANUS SULA', 'RT 11/04', 11, 4, 'Oetete', 'Oebobo', 'Kota Kupang', 'Nusa Tenggara Timur'),
(5371042412070020, 'J. E. S. LONAKIOEK', 'RT 02/01', 2, 1, 'Oetete', 'Oebobo', 'Kota Kupang', 'Nusa Tenggara Timur'),
(5371042412070170, 'LEONARDUS MAU', 'RT 05/02', 5, 2, 'Oetete', 'Oebobo', 'Kota Kupang', 'Nusa Tenggara Timur'),
(5371042412070350, 'ELISABETH MANILAPI MANUIAN', 'RT 11/04', 11, 4, 'Oetete', 'Oebobo', 'Kota Kupang', 'Nusa Tenggara Timur'),
(5371042412070410, 'EFRAIM STEFANUS NALLE', 'RT 08/03', 8, 3, 'Oetete', 'Oebobo', 'Kota Kupang', 'Nusa Tenggara Timur'),
(5371042412070530, 'SALMUN SOLUK', 'RT 05/02', 5, 2, 'Oetete', 'Oebobo', 'Kota Kupang', 'Nusa Tenggara Timur'),
(5371042412070590, 'AGUSTINUS TAEDINI', 'RT 05/02', 5, 2, 'Oetete', 'Oebobo', 'Kota Kupang', 'Nusa Tenggara Timur'),
(5371042412070620, 'ARIDOLOF KIADUY', 'RT 12/04', 12, 4, 'Oetete', 'Oebobo', 'Kota Kupang', 'Nusa Tenggara Timur'),
(5371042412070640, 'SAMUEL NDAOMANU', 'RT 11/04', 11, 4, 'Oetete', 'Oebobo', 'Kota Kupang', 'Nusa Tenggara Timur'),
(5371042412070810, 'MARCELLINUS SALEM', 'RT 09/03', 9, 3, 'Oetete', 'Oebobo', 'Kota Kupang', 'Nusa Tenggara Timur'),
(5371042412071080, 'EDISON FANGGIDAE', 'RT 04/02', 4, 2, 'Oetete', 'Oebobo', 'Kota Kupang', 'Nusa Tenggara Timur'),
(5371042412071220, 'AMER E. MONEGA', 'RT 16/05', 16, 5, 'Oetete', 'Oebobo', 'Kota Kupang', 'Nusa Tenggara Timur'),
(5371042412071580, 'HENDRIKUS LAKLO', 'RT 02/01', 2, 1, 'Oetete', 'Oebobo', 'Kota Kupang', 'Nusa Tenggara Timur'),
(5371042412071760, 'YOHANIS MELANTON LAY', 'RT 09/03', 9, 3, 'Oetete', 'Oebobo', 'Kota Kupang', 'Nusa Tenggara Timur'),
(5371042412071790, 'IMANUEL ALBERTUS H. TUNLIU', 'RT 11/04', 11, 4, 'Oetete', 'Oebobo', 'Kota Kupang', 'Nusa Tenggara Timur'),
(5371042412072550, 'JOSAFAT JAIRUS ELVIS NANGE', 'RT 02/01', 2, 1, 'Oetete', 'Oebobo', 'Kota Kupang', 'Nusa Tenggara Timur'),
(5371042412072620, 'DICKY CH. S. AMALO, SE.,MM', 'RT 05/02', 5, 2, 'Oetete', 'Oebobo', 'Kota Kupang', 'Nusa Tenggara Timur'),
(5371042412073410, 'JUNITA R. NISSI', 'RT 16/05', 16, 5, 'Oetete', 'Oebobo', 'Kota Kupang', 'Nusa Tenggara Timur'),
(5371042412073550, 'JOHANIS FRANSISKO BATA', 'RT 15/05', 15, 5, 'Oetete', 'Oebobo', 'Kota Kupang', 'Nusa Tenggara Timur'),
(5371042412074000, 'ORIAS PAULUS MODOK', 'RT 05/02', 5, 2, 'Oetete', 'Oebobo', 'Kota Kupang', 'Nusa Tenggara Timur'),
(5371042412074870, 'SEMUEL PETRUS MODOK', 'RT 05/02', 5, 2, 'Oetete', 'Oebobo', 'Kota Kupang', 'Nusa Tenggara Timur'),
(5371042502110010, 'DJONI MANDALA, S.Pd', 'RT 05/02', 5, 2, 'Oetete', 'Oebobo', 'Kota Kupang', 'Nusa Tenggara Timur'),
(5371042502160000, 'MATHEOS A. H. T MAAHURY', 'RT 15/05', 15, 5, 'Oetete', 'Oebobo', 'Kota Kupang', 'Nusa Tenggara Timur'),
(5371042505100000, 'MARIA GORETI ANG', 'RT 09/03', 9, 3, 'Oetete', 'Oebobo', 'Kota Kupang', 'Nusa Tenggara Timur'),
(5371042505150000, 'MAGDALENA AY-DETHAN', 'RT 09/03', 9, 3, 'Oetete', 'Oebobo', 'Kota Kupang', 'Nusa Tenggara Timur'),
(5371042505150010, 'AGNES H. Z. NDAUMANU ', 'RT 06/02', 6, 2, 'Oetete', 'Oebobo', 'Kota Kupang', 'Nusa Tenggara Timur'),
(5371042512070630, 'SAMAHUDIN MASANG', 'RT 06/02', 6, 2, 'Oetete', 'Oebobo', 'Kota Kupang', 'Nusa Tenggara Timur'),
(5371042512070960, 'AGUSTINA SOLLO-KIUK', 'RT 03/01', 3, 1, 'Oetete', 'Oebobo', 'Kota Kupang', 'Nusa Tenggara Timur'),
(5371042512071170, 'ROBINSON MARTIN MUSKANAN', 'RT 05/02', 5, 2, 'Oetete', 'Oebobo', 'Kota Kupang', 'Nusa Tenggara Timur'),
(5371042512071520, 'JARLENS H. LAPEBESI', 'RT 05/02', 5, 2, 'Oetete', 'Oebobo', 'Kota Kupang', 'Nusa Tenggara Timur'),
(5371042512071570, 'SELFINORA NANGE', 'RT 05/02', 5, 2, 'Oetete', 'Oebobo', 'Kota Kupang', 'Nusa Tenggara Timur'),
(5371042512072150, 'Osias Beis', 'RT 12/04', 12, 4, 'Oetete', 'Oebobo', 'Kota Kupang', 'Nusa Tenggara Timur'),
(5371042512072930, 'AGUSTINUS PONG', 'RT 16/05', 16, 5, 'Oetete', 'Oebobo', 'Kota Kupang', 'Nusa Tenggara Timur'),
(5371042512073160, 'NICHODEMUS SALEAN', 'RT 02/01', 2, 1, 'Oetete', 'Oebobo', 'Kota Kupang', 'Nusa Tenggara Timur'),
(5371042512073180, 'LASARUS LARMAWATA', 'RT 16/05', 16, 5, 'Oetete', 'Oebobo', 'Kota Kupang', 'Nusa Tenggara Timur'),
(5371042512074000, 'THERSIA ', 'RT 05/02', 5, 2, 'Oetete', 'Oebobo', 'Kota Kupang', 'Nusa Tenggara Timur'),
(5371042512074460, 'MESAKH ABIAPELLO DETHAN', 'RT 06/02', 6, 2, 'Oetete', 'Oebobo', 'Kota Kupang', 'Nusa Tenggara Timur'),
(5371042512074690, 'TENY S. SEME', 'RT 04/02', 4, 2, 'Oetete', 'Oebobo', 'Kota Kupang', 'Nusa Tenggara Timur'),
(5371042601120000, 'Karno Pelawiten', 'RT 12/04', 12, 4, 'Oetete', 'Oebobo', 'Kota Kupang', 'Nusa Tenggara Timur'),
(5371042603120010, 'YULIANA ROSARIA SAMOSIR', 'RT 05/02', 5, 2, 'Oetete', 'Oebobo', 'Kota Kupang', 'Nusa Tenggara Timur'),
(5371042604190010, 'OLIMPIA FATIMA DE JESUS', 'RT 02/01', 2, 1, 'Oetete', 'Oebobo', 'Kota Kupang', 'Nusa Tenggara Timur'),
(5371042606200000, 'RUT OLA', 'RT 05/02', 5, 2, 'Oetete', 'Oebobo', 'Kota Kupang', 'Nusa Tenggara Timur'),
(5371042608140000, 'YENNY MESSAH', 'RT 09/03', 9, 3, 'Oetete', 'Oebobo', 'Kota Kupang', 'Nusa Tenggara Timur'),
(5371042609200010, 'KEVIN R.KUHURIMA,SH', 'RT 08/03', 8, 3, 'Oetete', 'Oebobo', 'Kota Kupang', 'Nusa Tenggara Timur'),
(5371042612070680, 'WIDOWANTO I. LODOH', 'RT 05/02', 5, 2, 'Oetete', 'Oebobo', 'Kota Kupang', 'Nusa Tenggara Timur'),
(5371042612070780, 'JONY RUDOLOF WONLELE', 'RT 02/01', 2, 1, 'Oetete', 'Oebobo', 'Kota Kupang', 'Nusa Tenggara Timur'),
(5371042612071910, 'WELMINCE HANOK', 'RT 13/04', 13, 4, 'Oetete', 'Oebobo', 'Kota Kupang', 'Nusa Tenggara Timur'),
(5371042612072730, 'OKTOVIANUS PELLONDO\'U', 'RT 11/04', 11, 4, 'Oetete', 'Oebobo', 'Kota Kupang', 'Nusa Tenggara Timur'),
(5371042612073010, 'IZAK ELIA ELUANA', 'RT 05/02', 5, 2, 'Oetete', 'Oebobo', 'Kota Kupang', 'Nusa Tenggara Timur'),
(5371042612073250, 'DOMINIKUS ANDERIAS BANU', 'RT 06/02', 6, 2, 'Oetete', 'Oebobo', 'Kota Kupang', 'Nusa Tenggara Timur'),
(5371042612073490, 'NAHOR KOLLOH', 'RT 05/02', 5, 2, 'Oetete', 'Oebobo', 'Kota Kupang', 'Nusa Tenggara Timur'),
(5371042612073810, 'YEREMIAS A.F.A. RIA', 'RT 02/01', 2, 1, 'Oetete', 'Oebobo', 'Kota Kupang', 'Nusa Tenggara Timur'),
(5371042612073820, 'HELMAN G. TOUDUA', 'RT 04/02', 4, 2, 'Oetete', 'Oebobo', 'Kota Kupang', 'Nusa Tenggara Timur'),
(5371042612074160, 'SAMUEL D.I. LAISKODATH', 'RT 12/04', 12, 4, 'Oetete', 'Oebobo', 'Kota Kupang', 'Nusa Tenggara Timur'),
(5371042704120010, 'MAURITS DAVIDSON MOOY', 'RT 06/02', 6, 2, 'Oetete', 'Oebobo', 'Kota Kupang', 'Nusa Tenggara Timur'),
(5371042704150000, 'Elisabeth Lepat- Kaeden', 'RT 12/04', 12, 4, 'Oetete', 'Oebobo', 'Kota Kupang', 'Nusa Tenggara Timur'),
(5371042704210000, 'VICTOR VANDEUD LAY ', 'RT 09/03', 9, 3, 'Oetete', 'Oebobo', 'Kota Kupang', 'Nusa Tenggara Timur'),
(5371042705100000, 'SUWITO', 'RT 06/02', 6, 2, 'Oetete', 'Oebobo', 'Kota Kupang', 'Nusa Tenggara Timur'),
(5371042705130000, 'WILHEM SAMUEL TAEDINI', 'RT 05/02', 5, 2, 'Oetete', 'Oebobo', 'Kota Kupang', 'Nusa Tenggara Timur'),
(5371042705130030, 'DJENAB TALIB', 'RT 06/02', 6, 2, 'Oetete', 'Oebobo', 'Kota Kupang', 'Nusa Tenggara Timur'),
(5371042705150000, 'THERESIA A. M. KOROH', 'RT 09/03', 9, 3, 'Oetete', 'Oebobo', 'Kota Kupang', 'Nusa Tenggara Timur'),
(5371042711130000, 'DOMINGGUS ETIDENA', 'RT 11/04', 11, 4, 'Oetete', 'Oebobo', 'Kota Kupang', 'Nusa Tenggara Timur'),
(5371042712070120, 'MARIA MAUK TUKAN', 'RT 13/04', 13, 4, 'Oetete', 'Oebobo', 'Kota Kupang', 'Nusa Tenggara Timur'),
(5371042712070510, 'YONATHAN YOSEPH', 'RT 05/02', 5, 2, 'Oetete', 'Oebobo', 'Kota Kupang', 'Nusa Tenggara Timur'),
(5371042712070720, 'CORINUS PORWATA', 'RT 04/02', 4, 2, 'Oetete', 'Oebobo', 'Kota Kupang', 'Nusa Tenggara Timur'),
(5371042712070770, 'PETRUS A.B. THEI, ST', 'RT 02/01', 2, 1, 'Oetete', 'Oebobo', 'Kota Kupang', 'Nusa Tenggara Timur'),
(5371042712071080, 'FRIDS E.M.TNUNAY', 'RT 11/04', 11, 4, 'Oetete', 'Oebobo', 'Kota Kupang', 'Nusa Tenggara Timur'),
(5371042712071170, 'ALBERTUS GURU', 'RT 15/05', 15, 5, 'Oetete', 'Oebobo', 'Kota Kupang', 'Nusa Tenggara Timur'),
(5371042712071220, 'YESUA ERWIN LOLAIN', 'RT 06/02', 6, 2, 'Oetete', 'Oebobo', 'Kota Kupang', 'Nusa Tenggara Timur'),
(5371042712071240, 'MARSELA AQUA OLIN', 'RT 06/02', 6, 2, 'Oetete', 'Oebobo', 'Kota Kupang', 'Nusa Tenggara Timur'),
(5371042712071380, 'YAP ROMAN LOLAIN', 'RT 06/02', 6, 2, 'Oetete', 'Oebobo', 'Kota Kupang', 'Nusa Tenggara Timur'),
(5371042712071510, 'YACONY ARDENI LUSI', 'RT 05/02', 5, 2, 'Oetete', 'Oebobo', 'Kota Kupang', 'Nusa Tenggara Timur'),
(5371042712071580, 'FRANSIKSUS SONI', 'RT 09/03', 9, 3, 'Oetete', 'Oebobo', 'Kota Kupang', 'Nusa Tenggara Timur'),
(5371042712071880, 'JEMY H. PINGAH', 'RT 03/01', 3, 1, 'Oetete', 'Oebobo', 'Kota Kupang', 'Nusa Tenggara Timur'),
(5371042712072220, 'AFENDI FERDINAN NDOLU', 'RT 05/02', 5, 2, 'Oetete', 'Oebobo', 'Kota Kupang', 'Nusa Tenggara Timur'),
(5371042712072500, 'MARKUS YELADA WIJAYA PONG', 'RT 16/05', 16, 5, 'Oetete', 'Oebobo', 'Kota Kupang', 'Nusa Tenggara Timur'),
(5371042712072640, 'SUKATNO', 'RT 06/02', 6, 2, 'Oetete', 'Oebobo', 'Kota Kupang', 'Nusa Tenggara Timur'),
(5371042712072820, 'YOHANES LEXY TAIMENAS', 'RT 15/05', 15, 5, 'Oetete', 'Oebobo', 'Kota Kupang', 'Nusa Tenggara Timur'),
(5371042712072890, 'YOSEP DOMINIKUS HURINT', 'RT 10/04', 10, 4, 'Oetete', 'Oebobo', 'Kota Kupang', 'Nusa Tenggara Timur'),
(5371042712073040, 'YERMI APRIANUS LESIANGI,S.Kom', 'RT 10/04', 10, 4, 'Oetete', 'Oebobo', 'Kota Kupang', 'Nusa Tenggara Timur'),
(5371042712073110, 'MARTHEN LUTHER MAURING', 'RT 09/03', 9, 3, 'Oetete', 'Oebobo', 'Kota Kupang', 'Nusa Tenggara Timur'),
(5371042712073140, 'HENDRIK E. BOIMAU', 'RT 05/02', 5, 2, 'Oetete', 'Oebobo', 'Kota Kupang', 'Nusa Tenggara Timur'),
(5371042712073590, 'GERSON ALEXANDER  FOEH', 'RT 09/03', 9, 3, 'Oetete', 'Oebobo', 'Kota Kupang', 'Nusa Tenggara Timur'),
(5371042712074050, 'ANTON TO TN ONE', 'RT 09/03', 9, 3, 'Oetete', 'Oebobo', 'Kota Kupang', 'Nusa Tenggara Timur'),
(5371042712074130, 'MARKUS SELVELIUS S.PELLO', 'RT 11/04', 11, 4, 'Oetete', 'Oebobo', 'Kota Kupang', 'Nusa Tenggara Timur'),
(5371042712074240, 'THOMAS ALFONSUS KASSE', 'RT 06/02', 6, 2, 'Oetete', 'Oebobo', 'Kota Kupang', 'Nusa Tenggara Timur'),
(5371042712074300, 'DIKSON JONATHAN ADULANU', 'RT 05/02', 5, 2, 'Oetete', 'Oebobo', 'Kota Kupang', 'Nusa Tenggara Timur'),
(5371042712074890, 'CHARLES C. BUNGA', 'RT 05/02', 5, 2, 'Oetete', 'Oebobo', 'Kota Kupang', 'Nusa Tenggara Timur'),
(5371042801140110, 'FRENGKI APRIANUS LESIANGI', 'RT 10/04', 10, 4, 'Oetete', 'Oebobo', 'Kota Kupang', 'Nusa Tenggara Timur'),
(5371042802180000, 'PAULINA HAILITIK SANOE', 'RT 03/01', 3, 1, 'Oetete', 'Oebobo', 'Kota Kupang', 'Nusa Tenggara Timur'),
(5371042802190000, 'JUBLINA REKE', 'RT 08/03', 8, 3, 'Oetete', 'Oebobo', 'Kota Kupang', 'Nusa Tenggara Timur'),
(5371042804110000, 'JEMI J.E. TABUN', 'RT 02/01', 2, 1, 'Oetete', 'Oebobo', 'Kota Kupang', 'Nusa Tenggara Timur'),
(5371042806180000, 'DAVID BALLO', 'RT 10/04', 10, 4, 'Oetete', 'Oebobo', 'Kota Kupang', 'Nusa Tenggara Timur'),
(5371042812150000, 'RUDY KRISLAYANTO', 'RT 03/01', 3, 1, 'Oetete', 'Oebobo', 'Kota Kupang', 'Nusa Tenggara Timur'),
(5371042903120010, 'JOHANIS CHRISTIAN TANAUW', 'RT 02/01', 2, 1, 'Oetete', 'Oebobo', 'Kota Kupang', 'Nusa Tenggara Timur'),
(5371042903120030, 'JAKUB JOHANIS BOBO TANGGELA NDAPAROKA', 'RT 10/04', 10, 4, 'Oetete', 'Oebobo', 'Kota Kupang', 'Nusa Tenggara Timur'),
(5371042904110020, 'DEFRITIS EPESUS DARYN MANAFE', 'RT 13/04', 13, 4, 'Oetete', 'Oebobo', 'Kota Kupang', 'Nusa Tenggara Timur'),
(5371042904110030, 'DEDY DARIS TOH', 'RT 10/04', 10, 4, 'Oetete', 'Oebobo', 'Kota Kupang', 'Nusa Tenggara Timur'),
(5371042904140000, 'BRUSLY ROBINSON FANGGIDAE, S.Kom', 'RT 05/02', 5, 2, 'Oetete', 'Oebobo', 'Kota Kupang', 'Nusa Tenggara Timur'),
(5371042904200010, 'THERESIA BOLI', 'RT 09/03', 9, 3, 'Oetete', 'Oebobo', 'Kota Kupang', 'Nusa Tenggara Timur'),
(5371042905190000, 'JEFRY RAFAEL SALWEY', 'RT 11/04', 11, 4, 'Oetete', 'Oebobo', 'Kota Kupang', 'Nusa Tenggara Timur'),
(5371042910100110, 'VECKY ROBINSON ADULANU', 'RT 05/02', 5, 2, 'Oetete', 'Oebobo', 'Kota Kupang', 'Nusa Tenggara Timur'),
(5371042910150010, 'MARTHA M. SANDA', 'RT 11/04', 11, 4, 'Oetete', 'Oebobo', 'Kota Kupang', 'Nusa Tenggara Timur'),
(5371042912110030, 'REYNOLD DONATUS MOSA', 'RT 06/02', 6, 2, 'Oetete', 'Oebobo', 'Kota Kupang', 'Nusa Tenggara Timur'),
(5371043005120000, 'ORPA LOAINAK (ALMH)', 'RT 13/04', 13, 4, 'Oetete', 'Oebobo', 'Kota Kupang', 'Nusa Tenggara Timur'),
(5371043006110010, 'HANDRY F. LEIWAKABESSY', 'RT 05/02', 5, 2, 'Oetete', 'Oebobo', 'Kota Kupang', 'Nusa Tenggara Timur'),
(5371043009130000, 'JUDIK M. FANGGIDAE', 'RT 03/01', 3, 1, 'Oetete', 'Oebobo', 'Kota Kupang', 'Nusa Tenggara Timur'),
(5371043011210000, 'ALFRIT ALFIANTO FANGIDAE', 'RT 15/05', 15, 5, 'Oetete', 'Oebobo', 'Kota Kupang', 'Nusa Tenggara Timur'),
(5371043101120010, 'ERIK ERLANIO ELIM', 'RT 04/02', 4, 2, 'Oetete', 'Oebobo', 'Kota Kupang', 'Nusa Tenggara Timur'),
(5371043103210000, 'HERIBERTUS BEREK', 'RT 05/02', 5, 2, 'Oetete', 'Oebobo', 'Kota Kupang', 'Nusa Tenggara Timur'),
(5371044101730010, 'ARRY S. FANGGIDAE', 'RT 03/01', 3, 1, 'Oetete', 'Oebobo', 'Kota Kupang', 'Nusa Tenggara Timur'),
(5371044808900000, 'YULIUS H. JAWAN', 'RT 16/05', 16, 5, 'Oetete', 'Oebobo', 'Kota Kupang', 'Nusa Tenggara Timur'),
(5371045503310000, 'SRIYANTI SUPENO', 'RT 03/01', 3, 1, 'Oetete', 'Oebobo', 'Kota Kupang', 'Nusa Tenggara Timur'),
(5371045605710000, 'LODIA LUSI', 'RT 05/02', 5, 2, 'Oetete', 'Oebobo', 'Kota Kupang', 'Nusa Tenggara Timur'),
(5371051412110020, 'SARLIN SANU', 'RT 06/02', 6, 2, 'Oetete', 'Oebobo', 'Kota Kupang', 'Nusa Tenggara Timur'),
(5371051810180000, 'LODIWIK LUDJI NGURU', 'RT 10/04', 10, 4, 'Oetete', 'Oebobo', 'Kota Kupang', 'Nusa Tenggara Timur'),
(5371051906200000, 'SONY MELKY PELLONDOU', 'RT 10/04', 10, 4, 'Oetete', 'Oebobo', 'Kota Kupang', 'Nusa Tenggara Timur'),
(5371053107120010, 'DANIEL RAONG', 'RT 06/02', 6, 2, 'Oetete', 'Oebobo', 'Kota Kupang', 'Nusa Tenggara Timur'),
(5371061707120000, 'BUSRIZAL', 'RT 16/05', 16, 5, 'Oetete', 'Oebobo', 'Kota Kupang', 'Nusa Tenggara Timur'),
(5371063001120010, 'MIDO ARIANTO BORU', 'RT 16/05', 16, 5, 'Oetete', 'Oebobo', 'Kota Kupang', 'Nusa Tenggara Timur'),
(53710401005210007, 'YUAN ANJEST RATU EDO', 'RT 06/02', 6, 2, 'Oetete', 'Oebobo', 'Kota Kupang', 'Nusa Tenggara Timur');

-- --------------------------------------------------------

--
-- Table structure for table `kematian`
--

CREATE TABLE `kematian` (
  `id_kematian` int(11) NOT NULL,
  `nik` bigint(16) NOT NULL,
  `tgl_kematian` varchar(50) NOT NULL
) ENGINE=InnoDB DEFAULT CHARSET=utf8mb4;

-- --------------------------------------------------------

--
-- Table structure for table `masuk`
--

CREATE TABLE `masuk` (
  `id_masuk` int(20) NOT NULL,
  `nomor_kk` bigint(16) NOT NULL,
  `nik_kk` bigint(16) NOT NULL,
  `tgl_masuk` varchar(50) NOT NULL,
  `alamat_sebelumnya` varchar(50) NOT NULL
) ENGINE=InnoDB DEFAULT CHARSET=utf8mb4;

--
-- Dumping data for table `masuk`
--

INSERT INTO `masuk` (`id_masuk`, `nomor_kk`, `nik_kk`, `tgl_masuk`, `alamat_sebelumnya`) VALUES
(1, 5371040512820008, 5371040207120019, '06/12/2022', 'Fontein'),
(2, 5371044907850011, 5371040207120019, '06/12/2022', 'Fontein'),
(3, 5371046202670001, 5371040804140003, '06/12/2022', 'Fontein'),
(4, 5371044101700009, 5371043004180016, '06/12/2022', 'Fontein'),
(5, 5371041003730012, 5371042412074286, '06/12/2022', 'Fontein'),
(6, 5371041807990005, 5371042412074286, '06/12/2022', 'Fontein'),
(7, 5371044304040003, 5371042412074286, '06/12/2022', 'Fontein'),
(8, 5371042705900007, 5371042712070773, '06/12/2022', 'Fontein'),
(9, 5371041505880005, 5371042612073813, '06/12/2022', 'Fontein'),
(10, 5371041504890004, 5371042312071009, '06/12/2022', 'Fontein'),
(11, 5305081108960001, 5371042312071009, '06/12/2022', 'Fontein'),
(12, 5371042104850018, 5371042612073813, '06/12/2022', 'Fontein'),
(13, 5371044707940011, 5371042712070773, '06/12/2022', 'Fontein'),
(14, 5371045006560001, 5371042412070026, '06/12/2022', 'Fontein'),
(15, 5371040806980004, 5371042903120012, '06/12/2022', 'Fontein'),
(16, 5371044608460001, 5371042312070438, '06/12/2022', 'Fontein'),
(17, 5371045809950005, 5371042412070026, '06/12/2022', 'Fontein'),
(18, 5371045809950008, 5371042412070026, '06/12/2022', 'Fontein'),
(19, 5371041102930004, 5371042612073813, '06/12/2022', 'Fontein'),
(20, 5371045006860011, 5371041907120023, '06/12/2022', 'Fontein'),
(21, 5371027006040004, 5371042412072556, '06/12/2022', 'Fontein'),
(22, 5371046004470001, 5371042312071009, '06/12/2022', 'Fontein'),
(23, 5371040106560006, 5371042412071582, '06/12/2022', 'Fontein'),
(24, 5371040208930003, 5371040501120003, '06/12/2022', 'Fontein'),
(25, 5371045302720004, 5371040501120003, '06/12/2022', 'Fontein'),
(26, 5371040806550001, 5371042412070026, '06/12/2022', 'Fontein'),
(27, 5371045407040001, 5371042612073813, '06/12/2022', 'Fontein'),
(28, 5371040510020005, 5371042712070773, '06/12/2022', 'Fontein'),
(29, 5371042912660003, 5371042903120012, '06/12/2022', 'Fontein'),
(30, 5371040103090004, 5371042412070026, '06/12/2022', 'Fontein'),
(31, 5371042706630003, 5371042612070785, '06/12/2022', 'Fontein'),
(32, 5371040405700006, 5371042412072556, '06/12/2022', 'Fontein'),
(33, 5371040112830002, 5371042012073519, '06/12/2022', 'Fontein'),
(34, 5371041303790015, 5371042012073519, '06/12/2022', 'Fontein'),
(35, 5371046408670005, 5371042712070773, '06/12/2022', 'Fontein'),
(36, 5371045510870003, 5371042612070785, '06/12/2022', 'Fontein'),
(37, 5371045102880008, 5371042612070785, '06/12/2022', 'Fontein'),
(38, 5371044405010002, 5371042612070785, '06/12/2022', 'Fontein'),
(39, 5371046803930004, 5371042712070773, '06/12/2022', 'Fontein'),
(40, 5371041103450002, 5371042312071009, '06/12/2022', 'Fontein'),
(41, 5371042312850005, 5371042512073166, '06/12/2022', 'Fontein'),
(42, 5371045102950010, 5371041912120003, '06/12/2022', 'Fontein'),
(43, 5371040110760005, 5371041409120012, '06/12/2022', 'Fontein'),
(44, 5371042806650006, 5371042712070773, '06/12/2022', 'Fontein'),
(45, 5371042105010006, 5371042712070773, '06/12/2022', 'Fontein'),
(46, 5371041103900005, 5371041912120003, '06/12/2022', 'Fontein'),
(47, 5371040904920007, 5371042412070026, '06/12/2022', 'Fontein'),
(48, 5371045910110003, 5371041912120003, '06/12/2022', 'Fontein'),
(49, 5371040808070002, 5371040501120003, '06/12/2022', 'Fontein'),
(50, 5371041712880006, 5371042412070026, '06/12/2022', 'Fontein'),
(51, 5371042006150002, 5371041907120023, '06/12/2022', 'Fontein'),
(52, 5371046509700003, 5371042903120012, '06/12/2022', 'Fontein'),
(53, 5371046005950008, 5371042903120012, '06/12/2022', 'Fontein'),
(54, 5371042612480001, 5371042012073519, '06/12/2022', 'Fontein'),
(55, 5371047010890003, 5371042612070785, '06/12/2022', 'Fontein'),
(56, 5371025305810001, 5371042412072556, '06/12/2022', 'Fontein'),
(57, 5371046911660005, 5371042612070785, '06/12/2022', 'Fontein'),
(58, 5371040202800011, 5371042612073813, '06/12/2022', 'Fontein'),
(59, 5371045509800005, 5371042612073813, '06/12/2022', 'Fontein'),
(60, 5371045404730013, 5371042412071582, '06/12/2022', 'Fontein'),
(61, 5371041907730004, 5371042804110009, '06/12/2022', 'Fontein'),
(62, 5371045107770001, 5371042804110009, '06/12/2022', 'Fontein'),
(63, 5371045101690004, 5371042604190015, '06/12/2022', 'Fontein'),
(64, 5371042106880002, 5371042604190015, '06/12/2022', 'Fontein'),
(65, 5371045704900002, 5371042604190015, '06/12/2022', 'Fontein'),
(66, 5371040102960001, 5371042604190015, '06/12/2022', 'Fontein'),
(67, 5371040401980001, 5371042604190015, '06/12/2022', 'Fontein'),
(68, 5371040904000005, 5371042604190015, '06/12/2022', 'Fontein'),
(69, 5371041907090002, 5371042604190015, '06/12/2022', 'Fontein'),
(70, 3211180505760015, 3211182011080019, '06/12/2022', 'Fontein'),
(71, 3211184306730009, 3211182011080019, '06/12/2022', 'Fontein'),
(72, 3211184102000008, 3211182011080019, '06/12/2022', 'Fontein'),
(73, 3211186701060003, 3211182011080019, '06/12/2022', 'Fontein'),
(74, 3211183006100004, 3211182011080019, '06/12/2022', 'Fontein'),
(75, 5371045808840009, 5371042312071009, '06/12/2022', 'Fontein'),
(76, 5371041902680004, 5371042303110007, '06/12/2022', 'Fontein'),
(77, 5371046512750013, 5371042303110007, '06/12/2022', 'Fontein'),
(78, 5371042707030007, 5371042303110007, '06/12/2022', 'Fontein'),
(79, 5371042108420001, 5371042312070438, '06/12/2022', 'Fontein'),
(80, 5371046204760001, 5371042312070438, '06/12/2022', 'Fontein'),
(81, 5371042306970002, 5371041409120012, '06/12/2022', 'Fontein'),
(82, 5371045712620002, 5371042512072458, '06/12/2022', 'Fontein'),
(83, 5371042212530007, 5371042512072458, '06/12/2022', 'Fontein'),
(84, 5371044808950004, 5371042512072458, '06/12/2022', 'Fontein'),
(85, 5371042212830005, 5371041802140001, '06/12/2022', 'Fontein'),
(86, 5371042002890001, 5371040211150003, '06/12/2022', 'Fontein'),
(87, 5371041405100004, 5371040211150003, '06/12/2022', 'Fontein'),
(88, 5371045703170002, 5371040211150003, '06/12/2022', 'Fontein'),
(89, 5371045708600005, 5371042512070960, '06/12/2022', 'Fontein'),
(90, 5371042306770003, 5371042812150004, '06/12/2022', 'Fontein'),
(91, 537045803810007, 5371045503310007, '06/12/2022', 'Fontein'),
(92, 5371045002180002, 5371043008120011, '06/12/2022', 'Fontein'),
(93, 5371046408400001, 5371042802180007, '06/12/2022', 'Fontein'),
(94, 5371045705520006, 5371043009130001, '06/12/2022', 'Fontein'),
(95, 5371042306630004, 5371042712071883, '06/12/2022', 'Fontein'),
(96, 5371041503580005, 5371042312072742, '06/12/2022', 'Fontein'),
(97, 5371045212510002, 5371041801110003, '06/12/2022', 'Fontein'),
(98, 5371046203960006, 5371040801190002, '06/12/2022', 'Fontein'),
(99, 5371040304640006, 5371044101730019, '06/12/2022', 'Fontein'),
(100, 5371044101730019, 5371042510100008, '06/12/2022', 'Fontein'),
(101, 5371040701690004, 5371042612070782, '06/12/2022', 'Fontein'),
(102, 5371034498400004, 5371042012170005, '06/12/2022', 'Fontein'),
(103, 5371046303710011, 5371040912100026, '06/12/2022', 'Fontein'),
(104, 5371041603770004, 5371042712070723, '06/12/2022', 'Fontein'),
(105, 5371041006700005, 5371042212070715, '06/12/2022', 'Fontein'),
(106, 5371041010610009, 5371042412071085, '06/12/2022', 'Fontein'),
(107, 5371042612170001, 5371042012170005, '06/12/2022', 'Fontein'),
(108, 5371044202740003, 5371044202740003, '06/12/2022', 'Fontein'),
(109, 5371042208640003, 5371042612073828, '06/12/2022', 'Fontein'),
(110, 5371040110820004, 5371042012170005, '06/12/2022', 'Fontein'),
(111, 5371043007750001, 5371042012071979, '06/12/2022', 'Fontein'),
(112, 5371041109740003, 5371040409120004, '06/12/2022', 'Fontein'),
(113, 5371043110790009, 5371042512074690, '06/12/2022', 'Fontein'),
(114, 5371042402800002, 5371042110100014, '06/12/2022', 'Fontein'),
(115, 5371040507070002, 5371042312073608, '06/12/2022', 'Fontein'),
(116, 5371045507740007, 5371040102170020, '06/12/2022', 'Fontein'),
(117, 5371044806720006, 5371040210190011, '06/12/2022', 'Fontein'),
(118, 5302020208770001, 5371040804190012, '06/12/2022', 'Fontein'),
(119, 5371021807030002, 5371042312072589, '06/12/2022', 'Fontein'),
(120, 5371040703800008, 5371042712071510, '06/12/2022', 'Fontein'),
(121, 5371042604860010, 5371041507130015, '06/12/2022', 'Fontein'),
(122, 5371040404740009, 5371042712072229, '06/12/2022', 'Fontein'),
(123, 5371043008980004, 5371042502110016, '06/12/2022', 'Fontein'),
(124, 5371044104620002, 5371042312071768, '06/12/2022', 'Fontein'),
(125, 5371042308570002, 5371042312071768, '06/12/2022', 'Fontein'),
(126, 5371042708510001, 5371042412070599, '06/12/2022', 'Fontein'),
(127, 7571051606690003, 5371041407200027, '06/12/2022', 'Fontein'),
(128, 5371040704790002, 5371041302180006, '06/12/2022', 'Fontein'),
(129, 3201132411850002, 5371040901200007, '06/12/2022', 'Fontein'),
(130, 5371042904970001, 5371042312071501, '06/12/2022', 'Fontein'),
(131, 5314031004880002, 5371041305140009, '06/12/2022', 'Fontein'),
(132, 5371040505980007, 5371042312071501, '06/12/2022', 'Fontein'),
(133, 5371046010050002, 5371042712074892, '06/12/2022', 'Fontein'),
(134, 7571055211020001, 5371041407200027, '06/12/2022', 'Fontein'),
(135, 5371041504910004, 5371042712071510, '06/12/2022', 'Fontein'),
(136, 5371045405060005, 5371042412070534, '06/12/2022', 'Fontein'),
(137, 5371016906870001, 5371040202210008, '06/12/2022', 'Fontein'),
(138, 5371046407960002, 5371040301120006, '06/12/2022', 'Fontein'),
(139, 5371042512120002, 5371042712070512, '06/12/2022', 'Fontein'),
(140, 5371042409840002, 5371042904140006, '06/12/2022', 'Fontein'),
(141, 5371042103010007, 5371042712072229, '06/12/2022', 'Fontein'),
(142, 3521096101960003, 5371040810200004, '06/12/2022', 'Fontein'),
(143, 5371047006880002, 5371041908140006, '06/12/2022', 'Fontein'),
(144, 5371042911010002, 5371042612070689, '06/12/2022', 'Fontein'),
(145, 5371040707710010, 5371042712074892, '06/12/2022', 'Fontein'),
(146, 5371042205020001, 5371042512071176, '06/12/2022', 'Fontein'),
(147, 5371047001030005, 5371042612073013, '06/12/2022', 'Fontein'),
(148, 5302020205010002, 5371040804190012, '06/12/2022', 'Fontein'),
(149, 5371044106900001, 5371042109200001, '06/12/2022', 'Fontein'),
(150, 5371042606030001, 5371042712074892, '06/12/2022', 'Fontein'),
(151, 5371044903060002, 5371042712072229, '06/12/2022', 'Fontein'),
(152, 5371041912640001, 5371042012070817, '06/12/2022', 'Fontein'),
(153, 5371045810830007, 5371041501150002, '06/12/2022', 'Fontein'),
(154, 5371041012920004, 5371042612073493, '06/12/2022', 'Fontein'),
(155, 5371044510800004, 5371043006110011, '06/12/2022', 'Fontein'),
(156, 5371040712560001, 5371042412072629, '06/12/2022', 'Fontein'),
(157, 5371042209630002, 5371042712074306, '06/12/2022', 'Fontein'),
(158, 7571054801770001, 5371041407200027, '06/12/2022', 'Fontein'),
(159, 5371042406720007, 5371042502110016, '06/12/2022', 'Fontein'),
(160, 5371044604580001, 5371042412072629, '06/12/2022', 'Fontein'),
(161, 5371044205010002, 5371042012070817, '06/12/2022', 'Fontein'),
(162, 5371044907380002, 5371042412070172, '06/12/2022', 'Fontein'),
(163, 5371045804520004, 5371042412070599, '06/12/2022', 'Fontein'),
(164, 5371046909650003, 5371041908140006, '06/12/2022', 'Fontein'),
(165, 5371041404640003, 5371040501120023, '06/12/2022', 'Fontein'),
(166, 5371041806640005, 5371042312071501, '06/12/2022', 'Fontein'),
(167, 7571050811080002, 5371041407200027, '06/12/2022', 'Fontein'),
(168, 5371044702030004, 5371042012070817, '06/12/2022', 'Fontein'),
(169, 5371045910690004, 5371040611180011, '06/12/2022', 'Fontein'),
(170, 5371044802810011, 5371042712074892, '06/12/2022', 'Fontein'),
(171, 5371044711500001, 5371042212072889, '06/12/2022', 'Fontein'),
(172, 5371044702030003, 5371042012070817, '06/12/2022', 'Fontein'),
(173, 5371042702790004, 5371042310170007, '06/12/2022', 'Fontein'),
(174, 5371030180100032, 5371045510780004, '06/12/2022', 'Fontein'),
(175, 5371045104890003, 5371041302180006, '06/12/2022', 'Fontein'),
(176, 5371046901740001, 5371040501120023, '06/12/2022', 'Fontein'),
(177, 5371045702590002, 5371042612073493, '06/12/2022', 'Fontein'),
(178, 5371042709110001, 5371043006110011, '06/12/2022', 'Fontein'),
(179, 5371036211070001, 5371041305140009, '06/12/2022', 'Fontein'),
(180, 5371042702790009, 5371043006110011, '06/12/2022', 'Fontein'),
(181, 5371042012000001, 5371042012070770, '06/12/2022', 'Fontein'),
(182, 5371021604890001, 5371041305140009, '06/12/2022', 'Fontein'),
(183, 5371042404740015, 5371042712073142, '06/12/2022', 'Fontein'),
(184, 5371042240279000, 5371041002150004, '06/12/2022', 'Fontein'),
(185, 5371041705910006, 5371043103210009, '06/12/2022', 'Fontein'),
(186, 5302026201100001, 5371040804190012, '06/12/2022', 'Fontein'),
(187, 5371046606080003, 5371042512071176, '06/12/2022', 'Fontein'),
(188, 5371040906840001, 5371042109200001, '06/12/2022', 'Fontein'),
(189, 5371042305700003, 5371042612073013, '06/12/2022', 'Fontein'),
(190, 5371041301930003, 5371042212071228, '06/12/2022', 'Fontein'),
(191, 5371041804970000, 5371041011200020, '06/12/2022', 'Fontein'),
(192, 5371042001650002, 5371042512071521, '06/12/2022', 'Fontein'),
(193, 5371040608020001, 5371042712071510, '06/12/2022', 'Fontein'),
(194, 5371043006720005, 5371041501150002, '06/12/2022', 'Fontein'),
(195, 5371042404740001, 5371040408100009, '06/12/2022', 'Fontein'),
(196, 9271030905070001, 5371042310180015, '06/12/2022', 'Fontein'),
(197, 5371042310620006, 5371042212071228, '06/12/2022', 'Fontein'),
(198, 9271032306770004, 5371042310180015, '06/12/2022', 'Fontein'),
(199, 5371042012960007, 5371042412070534, '06/12/2022', 'Fontein'),
(200, 5371044911560004, 5371041104180005, '06/12/2022', 'Fontein'),
(201, 5371045801730003, 5371042412070534, '06/12/2022', 'Fontein'),
(202, 5371042107880001, 5371041608180008, '06/12/2022', 'Fontein'),
(203, 5302026507050001, 5371040804190012, '06/12/2022', 'Fontein'),
(204, 5371044804950001, 5371042012070817, '06/12/2022', 'Fontein'),
(205, 5371047112650006, 5371042212071228, '06/12/2022', 'Fontein'),
(206, 5371044912640003, 5371042401140002, '06/12/2022', 'Fontein'),
(207, 5371041809310002, 5371042412070172, '06/12/2022', 'Fontein'),
(208, 5371030911800001, 5371042410160016, '06/12/2022', 'Fontein'),
(209, 5371030180100031, 5371045605710001, '06/12/2022', 'Fontein'),
(210, 9103016206970005, 5371042512074007, '06/12/2022', 'Fontein'),
(211, 5371045503600090, 5371040301120006, '06/12/2022', 'Fontein'),
(212, 5371044203830008, 5371042102110005, '06/12/2022', 'Fontein'),
(213, 5371045207020002, 5371042312071501, '06/12/2022', 'Fontein'),
(214, 5371045005410004, 5371042312073197, '06/12/2022', 'Fontein'),
(215, 5371044302010003, 5371042612073013, '06/12/2022', 'Fontein'),
(216, 5371040410870001, 5371042109200001, '06/12/2022', 'Fontein'),
(217, 5371044701000004, 5371041805200003, '06/12/2022', 'Fontein'),
(218, 5371044103680001, 5371042012070817, '06/12/2022', 'Fontein'),
(219, 5371042407670001, 5371042012070770, '06/12/2022', 'Fontein'),
(220, 5371042301340001, 5371042212072889, '06/12/2022', 'Fontein'),
(221, 5371042705010011, 5371042106110009, '06/12/2022', 'Fontein'),
(222, 5371045605760009, 5371042106110009, '06/12/2022', 'Fontein'),
(223, 5371042405650002, 5371042106110009, '06/12/2022', 'Fontein'),
(224, 5371043005710004, 5371042102110005, '06/12/2022', 'Fontein'),
(225, 3201045705850013, 5371040901200007, '06/12/2022', 'Fontein'),
(226, 5371040304030001, 5371042012070770, '06/12/2022', 'Fontein'),
(227, 5371045911520001, 5371040609120001, '06/12/2022', 'Fontein'),
(228, 5371040611010007, 5371042412072629, '06/12/2022', 'Fontein'),
(229, 5371046505820008, 5371042512071176, '06/12/2022', 'Fontein'),
(230, 5302286305940001, 5371041407200011, '06/12/2022', 'Fontein'),
(231, 7571091011110001, 5371041407200027, '06/12/2022', 'Fontein'),
(232, 5371041901820004, 5371041807120036, '06/12/2022', 'Fontein'),
(233, 5371041511580010, 5371042612073493, '06/12/2022', 'Fontein'),
(234, 5371025210020002, 5371042512074007, '06/12/2022', 'Fontein'),
(235, 5371046712970006, 5371042212071228, '06/12/2022', 'Fontein'),
(236, 5371040904870004, 5371042512071571, '06/12/2022', 'Fontein'),
(237, 5371035511880008, 5371042410160016, '06/12/2022', 'Fontein'),
(238, 5302024406810003, 5371040804190012, '06/12/2022', 'Fontein'),
(239, 5371044301790008, 5371042712073142, '06/12/2022', 'Fontein'),
(240, 5371045902770009, 5371042705130004, '06/12/2022', 'Fontein'),
(241, 5371044810770001, 5371042012070770, '06/12/2022', 'Fontein'),
(242, 5371041610670007, 5371040301120006, '06/12/2022', 'Fontein'),
(243, 5371040310740005, 5371042412074005, '06/12/2022', 'Fontein'),
(244, 5371046102850002, 5371042312071501, '06/12/2022', 'Fontein'),
(245, 5371040211040002, 5371042712074892, '06/12/2022', 'Fontein'),
(246, 5371045408760009, 5371042612073013, '06/12/2022', 'Fontein'),
(247, 5371042807770011, 5371040501120011, '06/12/2022', 'Fontein'),
(248, 5371043108010004, 5371042712070512, '06/12/2022', 'Fontein'),
(249, 5371040405960004, 5371042712071510, '06/12/2022', 'Fontein'),
(250, 5371041804810004, 5371041407200011, '06/12/2022', 'Fontein'),
(251, 5371040605990005, 5371042712071510, '06/12/2022', 'Fontein'),
(252, 5371042901050001, 5371042712070512, '06/12/2022', 'Fontein'),
(253, 5371041111920004, 5371041903200004, '06/12/2022', 'Fontein'),
(254, 5371040110060001, 5371042612070689, '06/12/2022', 'Fontein'),
(255, 5371040202530008, 5371042312072589, '06/12/2022', 'Fontein'),
(256, 5371044711020002, 5371042712070512, '06/12/2022', 'Fontein'),
(257, 5302027108030001, 5371040804190012, '06/12/2022', 'Fontein'),
(258, 5371042107820010, 5371042312071768, '06/12/2022', 'Fontein'),
(259, 5371042407110005, 5371042712070512, '06/12/2022', 'Fontein'),
(260, 5371041803810010, 5371042512071176, '06/12/2022', 'Fontein'),
(261, 5371042609960005, 5371043006110011, '06/12/2022', 'Fontein'),
(262, 5371045101750005, 5371042712072229, '06/12/2022', 'Fontein'),
(263, 5371046009820001, 5371042606200004, '06/12/2022', 'Fontein'),
(264, 5371042508650001, 5371042412070534, '06/12/2022', 'Fontein'),
(265, 5371042509530002, 5371042212072887, '06/12/2022', 'Fontein'),
(266, 5371041403930002, 5371042712071510, '06/12/2022', 'Fontein'),
(267, 5371045706970004, 5371041706110005, '06/12/2022', 'Fontein'),
(268, 5371035603920002, 5371041608180008, '06/12/2022', 'Fontein'),
(269, 5371045911450002, 5371040901150008, '06/12/2022', 'Fontein'),
(270, 5371040101080007, 5371041305140009, '06/12/2022', 'Fontein'),
(271, 5371044708770002, 5371041411190006, '06/12/2022', 'Fontein'),
(272, 5371045401600003, 5371042512071571, '06/12/2022', 'Fontein'),
(273, 5371040409730002, 5371042212072889, '06/12/2022', 'Fontein'),
(274, 5371040305600003, 5371042412074870, '06/12/2022', 'Fontein'),
(275, 5371046309770006, 5371040501120011, '06/12/2022', 'Fontein'),
(276, 5371047006820005, 5371041305140009, '06/12/2022', 'Fontein'),
(277, 5371046308060010, 5371041305140009, '06/12/2022', 'Fontein'),
(278, 5371045409740005, 5371042712070512, '06/12/2022', 'Fontein'),
(279, 5371046611770004, 5371042312073763, '06/12/2022', 'Fontein'),
(280, 5371046208670007, 5371041706110005, '06/12/2022', 'Fontein'),
(281, 5371004581191000, 5371041507130015, '06/12/2022', 'Fontein'),
(282, 5371035808000004, 5371041011200020, '06/12/2022', 'Fontein'),
(283, 5371045708710006, 5371042712071510, '06/12/2022', 'Fontein'),
(284, 5371044803650003, 5371042512074007, '06/12/2022', 'Fontein'),
(285, 5371046702790004, 5371042712074306, '06/12/2022', 'Fontein'),
(286, 5371025508060003, 5371042312072589, '06/12/2022', 'Fontein'),
(287, 5371042405730005, 5371042312073763, '06/12/2022', 'Fontein'),
(288, 5371042002910004, 5371042712074306, '06/12/2022', 'Fontein'),
(289, 5371046502620002, 5371042412074870, '06/12/2022', 'Fontein'),
(290, 5371044102730007, 5371040408100009, '06/12/2022', 'Fontein'),
(291, 5371041120780006, 5371042910100110, '06/12/2022', 'Fontein'),
(292, 5371042005070006, 5371043006110011, '06/12/2022', 'Fontein'),
(293, 5371042211800004, 5371042612070689, '06/12/2022', 'Fontein'),
(294, 5371045801730090, 5371042412070534, '06/12/2022', 'Fontein'),
(295, 5371042110770009, 5371042705130004, '06/12/2022', 'Fontein'),
(296, 5371046612770004, 5371042412070599, '06/12/2022', 'Fontein'),
(297, 5371040907840003, 5371042712071510, '06/12/2022', 'Fontein'),
(298, 5371014502820002, 5371042904140006, '06/12/2022', 'Fontein'),
(299, 5371042706830005, 5371042612073493, '06/12/2022', 'Fontein'),
(300, 5371045908820003, 5371042310170007, '06/12/2022', 'Fontein'),
(301, 5371030180100034, 5371048010760008, '06/12/2022', 'Fontein'),
(302, 5371040611890005, 5371042412072629, '06/12/2022', 'Fontein'),
(303, 5371042806860002, 5371040202210008, '06/12/2022', 'Fontein'),
(304, 5371015601940001, 5371041903200004, '06/12/2022', 'Fontein'),
(305, 5371041909700007, 5371042712070512, '06/12/2022', 'Fontein'),
(306, 5371045808820008, 5371041002150004, '06/12/2022', 'Fontein'),
(307, 5371046607750014, 5371042603120012, '06/12/2022', 'Fontein'),
(308, 5371040812040003, 5371042712071510, '06/12/2022', 'Fontein'),
(309, 5371046801840005, 5371042502110016, '06/12/2022', 'Fontein'),
(310, 5371043101380001, 5371041706110005, '06/12/2022', 'Fontein'),
(311, 3175090710950002, 3175090701097574, '06/12/2022', 'Fontein'),
(312, 5371042204150003, 5371041505130009, '06/12/2022', 'Fontein'),
(313, 5371044202060003, 5371042512074465, '06/12/2022', 'Fontein'),
(314, 5371046804870007, 5371042912110033, '06/12/2022', 'Fontein'),
(315, 5371045702670004, 5371042505150015, '06/12/2022', 'Fontein'),
(316, 3175066210740003, 3175090701097574, '06/12/2022', 'Fontein'),
(317, 5371056512990001, 5371051412110025, '06/12/2022', 'Fontein'),
(318, 5371040908070004, 5371042612073256, '06/12/2022', 'Fontein'),
(319, 5371041909990005, 5371042512070633, '06/12/2022', 'Fontein'),
(320, 5371040501980008, 5371042712071220, '06/12/2022', 'Fontein'),
(321, 5371042001510001, 5371040501120005, '06/12/2022', 'Fontein'),
(322, 5371046910080001, 5371040908100013, '06/12/2022', 'Fontein'),
(323, 5371046904820006, 5371040908100013, '06/12/2022', 'Fontein'),
(324, 5314036703050005, 5371041901120004, '06/12/2022', 'Fontein'),
(325, 5371042311110002, 5371042912110033, '06/12/2022', 'Fontein'),
(326, 5371046901110003, 5371040703120007, '06/12/2022', 'Fontein'),
(327, 5371051206630001, 5371053107120011, '06/12/2022', 'Fontein'),
(328, 5371041212940012, 5371042705100004, '06/12/2022', 'Fontein'),
(329, 5371040812110001, 5371041501130003, '06/12/2022', 'Fontein'),
(330, 5371044812040001, 5371042612073256, '06/12/2022', 'Fontein'),
(331, 5371046903860003, 5371042512070633, '06/12/2022', 'Fontein'),
(332, 5371015911840001, 5371041710130005, '06/12/2022', 'Fontein'),
(333, 5371041007070002, 5371042712072647, '06/12/2022', 'Fontein'),
(334, 5371045511660004, 5371042512074465, '06/12/2022', 'Fontein'),
(335, 5371042302870004, 5371042512070633, '06/12/2022', 'Fontein'),
(336, 5371044102690007, 5371042705130035, '06/12/2022', 'Fontein'),
(337, 5371040212790010, 5371042612073256, '06/12/2022', 'Fontein'),
(338, 5371042109950002, 5371042012074650, '06/12/2022', 'Fontein'),
(339, 5371046412950003, 5371042712071243, '06/12/2022', 'Fontein'),
(340, 5371046808690006, 5371042612073256, '06/12/2022', 'Fontein'),
(341, 5371045304670004, 5371042512070633, '06/12/2022', 'Fontein'),
(342, 5371044210000004, 5371042612073256, '06/12/2022', 'Fontein'),
(343, 3175091011660008, 3175090701097574, '06/12/2022', 'Fontein'),
(344, 5371040204840012, 5371041907100012, '06/12/2022', 'Fontein'),
(345, 3175094612020004, 3175090701097574, '06/12/2022', 'Fontein'),
(346, 5371041630414000, 5371041501130003, '06/12/2022', 'Fontein'),
(347, 5314034809770001, 5371041901120004, '06/12/2022', 'Fontein'),
(348, 5371041101050002, 5371042705130035, '06/12/2022', 'Fontein'),
(349, 5371046803670006, 5371042712071386, '06/12/2022', 'Fontein'),
(350, 5371042106780013, 5371041505130009, '06/12/2022', 'Fontein'),
(351, 5371042303880008, 5371042705130035, '06/12/2022', 'Fontein'),
(352, 5314032505830001, 5371041901120004, '06/12/2022', 'Fontein'),
(353, 5371040103430002, 5371042012074650, '06/12/2022', 'Fontein'),
(354, 5371054112070001, 5371042712071220, '06/12/2022', 'Fontein'),
(355, 5371040810110002, 5371040908100013, '06/12/2022', 'Fontein'),
(356, 5371040608130003, 5371041710130005, '06/12/2022', 'Fontein'),
(357, 5371055001970001, 5371051412110025, '06/12/2022', 'Fontein'),
(358, 5371046911940002, 5371042512070633, '06/12/2022', 'Fontein'),
(359, 5371042403100002, 5371041505130009, '06/12/2022', 'Fontein'),
(360, 5371044410170003, 5371042912110033, '06/12/2022', 'Fontein'),
(361, 5371041010170002, 5371041710130005, '06/12/2022', 'Fontein'),
(362, 5371045306700005, 5371040703120007, '06/12/2022', 'Fontein'),
(363, 5371046505520003, 5371041701180011, '06/12/2022', 'Fontein'),
(364, 5371044202750001, 5371042712071243, '06/12/2022', 'Fontein'),
(365, 5371044206750026, 5371041501130003, '06/12/2022', 'Fontein'),
(366, 5371054407990001, 5371053107120011, '06/12/2022', 'Fontein'),
(367, 5371041403740010, 5371042704120019, '06/12/2022', 'Fontein'),
(368, 5371045608830020, 5371042712072647, '06/12/2022', 'Fontein'),
(369, 5371052505860001, 5371051412110025, '06/12/2022', 'Fontein'),
(370, 5371043012700002, 5371040908100013, '06/12/2022', 'Fontein'),
(371, 5371044109190002, 5371042912110033, '06/12/2022', 'Fontein'),
(372, 5371042004650001, 5371042512074465, '06/12/2022', 'Fontein'),
(373, 5371045011050004, 5371042712072647, '06/12/2022', 'Fontein'),
(374, 5371041805090001, 5371041907100012, '06/12/2022', 'Fontein'),
(375, 3328187006040002, 53710401005210007, '06/12/2022', 'Fontein'),
(376, 3328184707820007, 53710401005210007, '06/12/2022', 'Fontein'),
(377, 5371044212950004, 5371042512074465, '06/12/2022', 'Fontein'),
(378, 5371046808910001, 5371042512070633, '06/12/2022', 'Fontein'),
(379, 5371040202890011, 5371042712074243, '06/12/2022', 'Fontein'),
(380, 5371041307740011, 5371041501130003, '06/12/2022', 'Fontein'),
(381, 5371057010820002, 5371051412110025, '06/12/2022', 'Fontein'),
(382, 3175095104060006, 3175090701097574, '06/12/2022', 'Fontein'),
(383, 5371043009830011, 5371040501120005, '06/12/2022', 'Fontein'),
(384, 5371044212890003, 5371042512070633, '06/12/2022', 'Fontein'),
(385, 5371041003030008, 5371042705130035, '06/12/2022', 'Fontein'),
(386, 5371042907830003, 5371042912110033, '06/12/2022', 'Fontein'),
(387, 5371041610010002, 5371040703120007, '06/12/2022', 'Fontein'),
(388, 5371040105900010, 5371042705130035, '06/12/2022', 'Fontein'),
(389, 5371056204940001, 5371051412110025, '06/12/2022', 'Fontein'),
(390, 5371042411940004, 5371042705130035, '06/12/2022', 'Fontein'),
(391, 5371042704830014, 5371042705100004, '06/12/2022', 'Fontein'),
(392, 5371040706590003, 5371042512070633, '06/12/2022', 'Fontein'),
(393, 5371041807820002, 5371041710130005, '06/12/2022', 'Fontein'),
(394, 5371056711860001, 5371051412110025, '06/12/2022', 'Fontein'),
(395, 5371044605830011, 5371042705100004, '06/12/2022', 'Fontein'),
(396, 5371042702760002, 5371041901120004, '06/12/2022', 'Fontein'),
(397, 5371045802810011, 5371042705130035, '06/12/2022', 'Fontein'),
(398, 5371046705880010, 5371041505130009, '06/12/2022', 'Fontein'),
(399, 5371046002580001, 5371040501120005, '06/12/2022', 'Fontein'),
(400, 5371040511920002, 5371042512074465, '06/12/2022', 'Fontein'),
(401, 5371044504010004, 5371042712071220, '06/12/2022', 'Fontein'),
(402, 5371042707790011, 5371042712072647, '06/12/2022', 'Fontein'),
(403, 5371047003610001, 5371042712074243, '06/12/2022', 'Fontein'),
(404, 5371043003860005, 5371042712074243, '06/12/2022', 'Fontein'),
(405, 5371040505620013, 5371042705100004, '06/12/2022', 'Fontein'),
(406, 5371042006450004, 5371042712074243, '06/12/2022', 'Fontein'),
(407, 5371040512080001, 5371040703120007, '06/12/2022', 'Fontein'),
(408, 5371041402070004, 5371040703120007, '06/12/2022', 'Fontein'),
(409, 5371043003970008, 5371042705130035, '06/12/2022', 'Fontein'),
(410, 5371047005110001, 5371041907100012, '06/12/2022', 'Fontein'),
(411, 5371044200675000, 5371042712071220, '06/12/2022', 'Fontein'),
(412, 5371045507880001, 5371041907100012, '06/12/2022', 'Fontein'),
(413, 5371041701800004, 5371041701180011, '06/12/2022', 'Fontein'),
(414, 5371042706680006, 5371042712071386, '06/12/2022', 'Fontein'),
(415, 5371040507880000, 5371042712071220, '06/12/2022', 'Fontein'),
(416, 3204110112760002, 53710401005210007, '06/12/2022', 'Fontein'),
(417, 5371066406710001, 5371053107120011, '06/12/2022', 'Fontein');

-- --------------------------------------------------------

--
-- Table structure for table `penduduk`
--

CREATE TABLE `penduduk` (
  `nik` bigint(16) NOT NULL,
  `nama` varchar(50) NOT NULL,
  `jenis_kelamin` enum('Laki-Laki','Perempuan') NOT NULL,
  `hubungan_keluarga` enum('Kepala Keluarga','Istri','Anak','Menantu','Orang Tua','Mertua','Famili Lain','Pembantu') NOT NULL,
  `lahir` varchar(50) NOT NULL,
  `status_perkawinan` enum('Belum Menikah','Sudah Menikah','Cerai Hidup','Cerai Mati') NOT NULL,
  `pekerjaan` enum('Belum Bekerja','Mengurus Rumah Tangga','Pelajar/Mahasiswa','Pensiunan','PNS','POLRI','TNI','WIRASWASTA','SWASTA','Pegawai BUMN','Pekerja Lepas','Petani/peternak/pekebun','Nelayan','Industri') NOT NULL,
  `pendidikan` enum('Belum/Tidak Pernah Sekolah','Belum/Tidak Tamat SD/SDLB/MI/Paket A','SD/SDLB/MI/Paket A','SMP/SMPLB/MTs/Paket B','SMA/SMLB/MA/SMK/MAK/paket C','DI/DII/DIII','DIV/S1','S2','S3') NOT NULL,
  `kel_no_kk` bigint(16) NOT NULL
) ENGINE=InnoDB DEFAULT CHARSET=utf8mb4;

--
-- Dumping data for table `penduduk`
--

INSERT INTO `penduduk` (`nik`, `nama`, `jenis_kelamin`, `hubungan_keluarga`, `lahir`, `status_perkawinan`, `pekerjaan`, `pendidikan`, `kel_no_kk`) VALUES
(537045803810007, 'SRIYANTI SUPENO', 'Perempuan', 'Kepala Keluarga', '18/03/1981', 'Belum Menikah', 'Mengurus Rumah Tangga', 'SMA/SMLB/MA/SMK/MAK/paket C', 5371045503310007),
(3175066210740003, 'AGNES T. SURYANI', 'Perempuan', 'Istri', '22/10/1974', 'Sudah Menikah', '', 'DIV/S1', 3175090701097574),
(3175090710950002, 'A. ALPHA DEWO SURYO K.', 'Laki-Laki', 'Anak', '07/10/1995', 'Belum Menikah', 'Pelajar/Mahasiswa', 'SMA/SMLB/MA/SMK/MAK/paket C', 3175090701097574),
(3175091011660008, 'FX. SLAMET KUSHARYADI', 'Laki-Laki', 'Kepala Keluarga', '10/11/1966', 'Sudah Menikah', 'Belum Bekerja', 'DIV/S1', 3175090701097574),
(3175094612020004, 'GOF ARUMDANI W.', 'Perempuan', 'Anak', '06/12/2002', 'Belum Menikah', 'Pelajar/Mahasiswa', 'SD/SDLB/MI/Paket A', 3175090701097574),
(3175095104060006, 'PRISCILLA PRISKA AULIA RDL', 'Perempuan', 'Anak', '11/04/2006', 'Belum Menikah', 'Pelajar/Mahasiswa', 'SD/SDLB/MI/Paket A', 3175090701097574),
(3201045705850013, 'MELISSA GRECILYA MODOK, S.Kom', 'Perempuan', 'Istri', '17/05/1985', 'Sudah Menikah', 'WIRASWASTA', 'DIV/S1', 5371040901200007),
(3201132411850002, 'ALDINO FARADAY IMBANG', 'Laki-Laki', 'Kepala Keluarga', '24/11/1985', 'Sudah Menikah', 'Pegawai BUMN', 'DIV/S1', 5371040901200007),
(3204110112760002, 'YUAN ANJEST RATU EDO', 'Laki-Laki', 'Kepala Keluarga', '01/12/1976', 'Sudah Menikah', 'SWASTA', 'SMA/SMLB/MA/SMK/MAK/paket C', 53710401005210007),
(3211180505760015, 'SARTA,SH', 'Laki-Laki', 'Kepala Keluarga', '05/05/1976', 'Sudah Menikah', 'PNS', 'DIV/S1', 3211182011080019),
(3211183006100004, 'RIZKY BINTANG NUR AKBAR', 'Laki-Laki', 'Anak', '30/06/2010', 'Belum Menikah', 'Belum Bekerja', 'Belum/Tidak Pernah Sekolah', 3211182011080019),
(3211184102000008, 'AJENG SITI ARIFAH', 'Perempuan', 'Anak', '01/02/2000', 'Belum Menikah', 'Pelajar/Mahasiswa', 'SD/SDLB/MI/Paket A', 3211182011080019),
(3211184306730009, 'EUIS WARNASARI', 'Perempuan', 'Istri', '03/06/1973', 'Sudah Menikah', 'Mengurus Rumah Tangga', 'DIV/S1', 3211182011080019),
(3211186701060003, 'SRI TANJUNG MAYANG ARUM', 'Perempuan', 'Anak', '27/01/2006', 'Belum Menikah', 'Belum Bekerja', 'Belum/Tidak Pernah Sekolah', 3211182011080019),
(3328184707820007, 'NANI YULIATI', 'Perempuan', 'Istri', '07/07/1982', 'Sudah Menikah', 'Mengurus Rumah Tangga', 'SMA/SMLB/MA/SMK/MAK/paket C', 53710401005210007),
(3328187006040002, 'NADYA AUDI SAPUTRI', 'Perempuan', 'Anak', '30/06/2004', 'Belum Menikah', 'Pelajar/Mahasiswa', 'SD/SDLB/MI/Paket A', 53710401005210007),
(3521096101960003, 'CATUR DYAH RAHMADHANI', 'Perempuan', 'Kepala Keluarga', '21/01/1996', 'Belum Menikah', 'WIRASWASTA', 'DI/DII/DIII', 5371040810200004),
(5302020205010002, 'CHEMY NUBATONIS', 'Laki-Laki', 'Anak', '02/05/2001', 'Belum Menikah', 'Pelajar/Mahasiswa', 'SMP/SMPLB/MTs/Paket B', 5371040804190012),
(5302020208770001, 'ADARANS EFNASIUS NUBATONIS', 'Laki-Laki', 'Kepala Keluarga', '02/08/1977', 'Sudah Menikah', 'Pekerja Lepas', 'SMA/SMLB/MA/SMK/MAK/paket C', 5371040804190012),
(5302024406810003, 'NOLY NOFLIANTI SADUK', 'Perempuan', 'Istri', '04/06/1981', 'Sudah Menikah', 'Mengurus Rumah Tangga', 'SMA/SMLB/MA/SMK/MAK/paket C', 5371040804190012),
(5302026201100001, 'INDIRANSLI ANASTASYA NUBATONIS', 'Perempuan', 'Anak', '20/01/2010', 'Belum Menikah', 'Pelajar/Mahasiswa', 'SD/SDLB/MI/Paket A', 5371040804190012),
(5302026507050001, 'JULIET CHESSY NUBATONIS', 'Perempuan', 'Anak', '25/07/2006', 'Belum Menikah', 'Pelajar/Mahasiswa', 'SD/SDLB/MI/Paket A', 5371040804190012),
(5302027108030001, 'RIVANCY NUBATONIS', 'Perempuan', 'Anak', '31/08/2003', 'Belum Menikah', 'Pelajar/Mahasiswa', 'SD/SDLB/MI/Paket A', 5371040804190012),
(5302286305940001, 'MINCE FILIPINA SOINBALA', 'Perempuan', 'Istri', '23/05/1994', 'Sudah Menikah', 'Pekerja Lepas', 'DI/DII/DIII', 5371041407200011),
(5305081108960001, 'ARMANDO KAWANGKO', 'Laki-Laki', 'Menantu', '11/08/1996', 'Belum Menikah', 'Pelajar/Mahasiswa', 'SMA/SMLB/MA/SMK/MAK/paket C', 5371042312071009),
(5314031004880002, 'ANDRI LANIARDI PAH', 'Laki-Laki', 'Famili Lain', '10/04/1988', 'Sudah Menikah', 'POLRI', 'SMA/SMLB/MA/SMK/MAK/paket C', 5371041305140009),
(5314032505830001, 'IMANUEL NDAUMANU', 'Laki-Laki', 'Famili Lain', '25/05/1983', 'Belum Menikah', 'Belum Bekerja', 'DIV/S1', 5371041901120004),
(5314034809770001, 'GRADIANA T.SENGGE', 'Perempuan', 'Istri', '08/09/1977', 'Sudah Menikah', 'Mengurus Rumah Tangga', 'SMA/SMLB/MA/SMK/MAK/paket C', 5371041901120004),
(5314036703050005, 'BUNGA M. NDAUMANU', 'Perempuan', 'Anak', '27/03/2005', 'Belum Menikah', 'Pelajar/Mahasiswa', 'SMA/SMLB/MA/SMK/MAK/paket C', 5371041901120004),
(5371004581191000, 'SRIWAHYUNINGSIH B. TOKAN', 'Perempuan', 'Istri', '18/11/1991', 'Sudah Menikah', 'Pekerja Lepas', 'DIV/S1', 5371041507130015),
(5371014502820002, 'YAKOBA KETZIA PELLO', 'Perempuan', 'Istri', '05/02/1982', 'Sudah Menikah', 'PNS', 'SMA/SMLB/MA/SMK/MAK/paket C', 5371042904140006),
(5371015601940001, 'YOLANDA GIGI WIE', 'Perempuan', 'Istri', '18/01/1994', 'Sudah Menikah', 'Belum Bekerja', 'DIV/S1', 5371041903200004),
(5371015911840001, 'DIANA H.H. LAPIKAANA', 'Perempuan', 'Istri', '19/11/1984', 'Sudah Menikah', 'Mengurus Rumah Tangga', 'SMA/SMLB/MA/SMK/MAK/paket C', 5371041710130005),
(5371016906870001, 'ASTRIANI MENGNGI', 'Perempuan', 'Istri', '29/06/1987', 'Sudah Menikah', 'Belum Bekerja', 'SMA/SMLB/MA/SMK/MAK/paket C', 5371040202210008),
(5371021604890001, 'HENDRA PETERSON SINE', 'Laki-Laki', 'Kepala Keluarga', '16/04/1989', 'Sudah Menikah', 'WIRASWASTA', 'DI/DII/DIII', 5371041305140009),
(5371021807030002, 'ADINUGRAHA PELLE', 'Laki-Laki', 'Menantu', '18/07/2003', 'Belum Menikah', 'Pelajar/Mahasiswa', 'SD/SDLB/MI/Paket A', 5371042312072589),
(5371025210020002, 'NATALIA BABU BINSASI', 'Perempuan', 'Famili Lain', '12/10/2003', 'Belum Menikah', 'Pelajar/Mahasiswa', 'SMP/SMPLB/MTs/Paket B', 5371042512074007),
(5371025305810001, 'WELHELMINA TAOPAN', 'Perempuan', 'Istri', '13/05/1981', 'Sudah Menikah', 'Pekerja Lepas', 'SMA/SMLB/MA/SMK/MAK/paket C', 5371042412072556),
(5371025508060003, 'TIARA PELLE', 'Perempuan', 'Menantu', '15/08/2006', 'Belum Menikah', 'Pelajar/Mahasiswa', 'SD/SDLB/MI/Paket A', 5371042312072589),
(5371027006040004, 'FRANSISKA ELISABET TAOPAN', 'Perempuan', 'Famili Lain', '30/06/2004', 'Belum Menikah', 'Pelajar/Mahasiswa', 'SD/SDLB/MI/Paket A', 5371042412072556),
(5371030180100031, 'LODIA LUSI', 'Perempuan', 'Kepala Keluarga', '16/05/1971', 'Sudah Menikah', 'Belum Bekerja', 'SMA/SMLB/MA/SMK/MAK/paket C', 5371045605710001),
(5371030180100032, 'FINCE AFRIANA DAUD', 'Perempuan', 'Istri', '25/10/1978', 'Sudah Menikah', 'Mengurus Rumah Tangga', 'SMA/SMLB/MA/SMK/MAK/paket C', 5371045510780004),
(5371030180100034, 'YETTI Y. A. BUNGA', 'Perempuan', 'Istri', '20/10/1976', 'Sudah Menikah', 'Mengurus Rumah Tangga', 'SMA/SMLB/MA/SMK/MAK/paket C', 5371048010760008),
(5371030911800001, 'LEXIMUS FANGGIDAE', 'Laki-Laki', 'Kepala Keluarga', '09/11/1980', 'Sudah Menikah', 'Belum Bekerja', 'SMA/SMLB/MA/SMK/MAK/paket C', 5371042410160016),
(5371034498400004, 'BECI PAULINA AGUSTINA LONTORIN, A.Md', 'Perempuan', 'Istri', '09/04/1984', 'Sudah Menikah', 'Belum Bekerja', 'DIV/S1', 5371042012170005),
(5371035511880008, 'NOFRI PAULINA ADULANU', 'Perempuan', 'Istri', '15/11/1988', 'Sudah Menikah', 'Mengurus Rumah Tangga', 'SMA/SMLB/MA/SMK/MAK/paket C', 5371042410160016),
(5371035603920002, 'SARCE YULIANTHU TRESSIA NUBATONIS', 'Perempuan', 'Istri', '16/03/1992', 'Sudah Menikah', 'SWASTA', 'DIV/S1', 5371041608180008),
(5371035808000004, 'STEPHANI GABRIELA DARIS', 'Perempuan', 'Istri', '18/08/2000', 'Sudah Menikah', 'Pelajar/Mahasiswa', 'SMA/SMLB/MA/SMK/MAK/paket C', 5371041011200020),
(5371036211070001, 'GRACESANNY MOLIN FEOH ANIN', 'Perempuan', 'Famili Lain', '22/11/2007', 'Belum Menikah', 'Pelajar/Mahasiswa', 'SD/SDLB/MI/Paket A', 5371041305140009),
(5371040101080007, 'SARTRATAMA DANO FANGGIDAE', 'Laki-Laki', 'Famili Lain', '01/01/2008', 'Belum Menikah', 'Pelajar/Mahasiswa', 'SD/SDLB/MI/Paket A', 5371041305140009),
(5371040102960001, 'NELSON FATIMA DA COSTA', 'Laki-Laki', 'Anak', '01/02/1996', 'Belum Menikah', 'Belum Bekerja', 'SMP/SMPLB/MTs/Paket B', 5371042604190015),
(5371040103090004, 'JONES A.SL.LONAKIOEK', 'Laki-Laki', 'Anak', '01/03/2009', 'Belum Menikah', 'Belum Bekerja', 'SMP/SMPLB/MTs/Paket B', 5371042412070026),
(5371040103430002, 'ISKANDAR ADOE', 'Laki-Laki', 'Kepala Keluarga', '01/05/1943', 'Cerai Mati', 'Pensiunan', 'SMA/SMLB/MA/SMK/MAK/paket C', 5371042012074650),
(5371040105900010, 'RICAR ARISHYANDI', 'Laki-Laki', 'Famili Lain', '10/05/1990', 'Belum Menikah', 'Belum Bekerja', 'SMP/SMPLB/MTs/Paket B', 5371042705130035),
(5371040106560006, 'HENDRIKUS LAKLO', 'Laki-Laki', 'Kepala Keluarga', '01/06/1956', 'Sudah Menikah', 'WIRASWASTA', 'SD/SDLB/MI/Paket A', 5371042412071582),
(5371040110060001, 'REYVLDO VALENTINO TUPU', 'Laki-Laki', 'Famili Lain', '01/10/2006', 'Belum Menikah', 'Pelajar/Mahasiswa', 'SMP/SMPLB/MTs/Paket B', 5371042612070689),
(5371040110760005, 'OCTOVIANUS TABUN', 'Laki-Laki', 'Kepala Keluarga', '01/10/1976', 'Cerai Hidup', 'WIRASWASTA', 'SMA/SMLB/MA/SMK/MAK/paket C', 5371041409120012),
(5371040110820004, 'OKTOVIANUS DAE PANIE', 'Laki-Laki', 'Kepala Keluarga', '10/01/1982', 'Sudah Menikah', 'Pekerja Lepas', 'SMA/SMLB/MA/SMK/MAK/paket C', 5371042012170005),
(5371040112830002, 'LOESHE F.T NALLE', 'Laki-Laki', 'Anak', '01/12/1983', 'Belum Menikah', 'WIRASWASTA', 'SMA/SMLB/MA/SMK/MAK/paket C', 5371042012073519),
(5371040202530008, 'RIADI', 'Laki-Laki', 'Kepala Keluarga', '02/02/1953', 'Sudah Menikah', 'WIRASWASTA', 'SMP/SMPLB/MTs/Paket B', 5371042312072589),
(5371040202800011, 'YEREMIAS A.F.A. RIA', 'Laki-Laki', 'Kepala Keluarga', '02/02/1980', 'Sudah Menikah', 'WIRASWASTA', 'SMA/SMLB/MA/SMK/MAK/paket C', 5371042612073813),
(5371040202890011, 'NUAKASBI A.F. BANAM TUAN', 'Laki-Laki', 'Anak', '02/02/1989', 'Belum Menikah', 'Belum Bekerja', 'SMA/SMLB/MA/SMK/MAK/paket C', 5371042712074243),
(5371040204840012, 'GATOT HARTONO', 'Laki-Laki', 'Kepala Keluarga', '02/04/1984', 'Sudah Menikah', 'SWASTA', 'SMA/SMLB/MA/SMK/MAK/paket C', 5371041907100012),
(5371040208930003, 'ILIANI DO NANGE', 'Laki-Laki', 'Anak', '02/08/1993', 'Belum Menikah', 'SWASTA', 'SMA/SMLB/MA/SMK/MAK/paket C', 5371040501120003),
(5371040211040002, 'PATRIOK R. BUNGA', 'Laki-Laki', 'Anak', '02/11/2004', 'Belum Menikah', 'Pelajar/Mahasiswa', 'SD/SDLB/MI/Paket A', 5371042712074892),
(5371040212790010, 'DOMINIKUS ANDERIAS BANU', 'Perempuan', 'Kepala Keluarga', '02/12/1979', 'Sudah Menikah', 'Pekerja Lepas', 'SMA/SMLB/MA/SMK/MAK/paket C', 5371042612073256),
(5371040304030001, 'MELVIN ALFANDI LUSI', 'Laki-Laki', 'Anak', '03/04/2003', 'Belum Menikah', 'Pelajar/Mahasiswa', 'SD/SDLB/MI/Paket A', 5371042012070770),
(5371040304640006, 'ARRY S. FANGGIDAE', 'Laki-Laki', 'Kepala Keluarga', '03/04/1964', 'Sudah Menikah', 'WIRASWASTA', 'SMA/SMLB/MA/SMK/MAK/paket C', 5371044101730019),
(5371040305600003, 'SEMUEL PETRUS MODOK', 'Laki-Laki', 'Kepala Keluarga', '03/05/1960', 'Sudah Menikah', 'Pensiunan', 'SMA/SMLB/MA/SMK/MAK/paket C', 5371042412074870),
(5371040310740005, 'ORIAS PAULUS MODOK', 'Laki-Laki', 'Kepala Keluarga', '03/10/1974', 'Sudah Menikah', 'Pekerja Lepas', 'SMA/SMLB/MA/SMK/MAK/paket C', 5371042412074005),
(5371040401980001, 'HELDER FATIMA DA COSTA', 'Laki-Laki', 'Anak', '04/01/1998', 'Belum Menikah', 'Belum Bekerja', 'SMA/SMLB/MA/SMK/MAK/paket C', 5371042604190015),
(5371040404740009, 'AFENDI FERDINAN NDOLU', 'Laki-Laki', 'Kepala Keluarga', '04/04/1974', 'Sudah Menikah', 'WIRASWASTA', 'SMA/SMLB/MA/SMK/MAK/paket C', 5371042712072229),
(5371040405700006, 'JOSAFAT JAIRUS ELVIS NANGE', 'Laki-Laki', 'Kepala Keluarga', '04/05/1970', 'Sudah Menikah', 'WIRASWASTA', 'SMA/SMLB/MA/SMK/MAK/paket C', 5371042412072556),
(5371040405960004, 'RANDY LUSI', 'Laki-Laki', 'Anak', '04/05/1996', 'Belum Menikah', 'Pelajar/Mahasiswa', 'SMA/SMLB/MA/SMK/MAK/paket C', 5371042712071510),
(5371040409730002, 'SEM SIMSON HABA BUNGA, SP.,M.Sc', 'Laki-Laki', 'Anak', '04/09/1973', 'Belum Menikah', 'Belum Bekerja', 'SD/SDLB/MI/Paket A', 5371042212072889),
(5371040410870001, 'MARIO OCTAVIANUS PAY NUA', 'Laki-Laki', 'Anak', '24/10/1987', 'Belum Menikah', 'WIRASWASTA', 'DIV/S1', 5371042109200001),
(5371040501980008, 'ALVIN RICARDO LOLAIN', 'Laki-Laki', 'Anak', '05/01/1998', 'Belum Menikah', 'Pelajar/Mahasiswa', 'SMP/SMPLB/MTs/Paket B', 5371042712071220),
(5371040505620013, 'SUWITO', 'Laki-Laki', 'Kepala Keluarga', '05/05/1962', 'Sudah Menikah', 'WIRASWASTA', 'SD/SDLB/MI/Paket A', 5371042705100004),
(5371040505980007, 'ANGELUS PHILOMEN FERNANDEZ AIKOLI', 'Laki-Laki', 'Anak', '05/05/1998', 'Belum Menikah', 'Pelajar/Mahasiswa', 'SMA/SMLB/MA/SMK/MAK/paket C', 5371042312071501),
(5371040507070002, 'WILLY ANTHONI SADUK', 'Laki-Laki', 'Anak', '07/05/2007', 'Belum Menikah', 'Belum Bekerja', 'SMP/SMPLB/MTs/Paket B', 5371042312073608),
(5371040507880000, 'YESUA ERWIN LOLAIN', 'Laki-Laki', 'Kepala Keluarga', '05/07/1988', 'Sudah Menikah', 'WIRASWASTA', 'Belum/Tidak Pernah Sekolah', 5371042712071220),
(5371040510020005, 'JOHAN SARLITO THEI', 'Laki-Laki', 'Anak', '05/10/2002', 'Belum Menikah', 'Pelajar/Mahasiswa', 'SMA/SMLB/MA/SMK/MAK/paket C', 5371042712070773),
(5371040511920002, 'STANLEY DETHAN', 'Laki-Laki', 'Anak', '05/11/1992', 'Belum Menikah', 'Belum Bekerja', 'SMA/SMLB/MA/SMK/MAK/paket C', 5371042512074465),
(5371040512080001, 'VALADERON MBAU', 'Laki-Laki', 'Anak', '15/12/2008', 'Belum Menikah', 'Pelajar/Mahasiswa', 'SD/SDLB/MI/Paket A', 5371040703120007),
(5371040512820008, 'JOEL BAUANA', 'Laki-Laki', 'Kepala Keluarga', '05/12/1982', 'Belum Menikah', 'PNS', 'SMA/SMLB/MA/SMK/MAK/paket C', 5371040207120019),
(5371040605990005, 'RENALDY EDORADO LUSI', 'Laki-Laki', 'Anak', '06/05/1999', 'Belum Menikah', 'Pelajar/Mahasiswa', 'SMP/SMPLB/MTs/Paket B', 5371042712071510),
(5371040608020001, 'JECKY YOHANIS LUSI', 'Laki-Laki', 'Anak', '06/08/2002', 'Belum Menikah', 'Pelajar/Mahasiswa', 'SD/SDLB/MI/Paket A', 5371042712071510),
(5371040608130003, 'JUSTIN ISKANDAR LAE ADOE', 'Laki-Laki', 'Anak', '06/08/2013', 'Belum Menikah', 'Belum Bekerja', 'Belum/Tidak Pernah Sekolah', 5371041710130005),
(5371040611010007, 'MIHONG V. SUFMELA', 'Laki-Laki', 'Famili Lain', '06/11/2001', 'Belum Menikah', 'Pelajar/Mahasiswa', 'SMP/SMPLB/MTs/Paket B', 5371042412072629),
(5371040611890005, 'YODDY RIZAR AMALO, SE', 'Laki-Laki', 'Anak', '06/11/1989', 'Belum Menikah', 'PNS', 'DIV/S1', 5371042412072629),
(5371040701690004, 'ANDRIAS CORINUS PATOLA', 'Laki-Laki', 'Kepala Keluarga', '01/07/1969', 'Sudah Menikah', 'Pekerja Lepas', 'SMA/SMLB/MA/SMK/MAK/paket C', 5371042612070782),
(5371040703800008, 'ADRIANUS NDOLU', 'Laki-Laki', 'Famili Lain', '07/03/1980', 'Belum Menikah', 'WIRASWASTA', 'SMA/SMLB/MA/SMK/MAK/paket C', 5371042712071510),
(5371040704790002, 'ALBERT MARKUS TAEDINI', 'Laki-Laki', 'Kepala Keluarga', '07/04/1979', 'Sudah Menikah', 'Belum Bekerja', 'SMA/SMLB/MA/SMK/MAK/paket C', 5371041302180006),
(5371040706590003, 'SAMAHUDIN MASANG', 'Laki-Laki', 'Kepala Keluarga', '07/06/1959', 'Sudah Menikah', 'PNS', 'SMA/SMLB/MA/SMK/MAK/paket C', 5371042512070633),
(5371040707710010, 'CHARLES C. BUNGA', 'Laki-Laki', 'Kepala Keluarga', '07/07/1971', 'Sudah Menikah', 'WIRASWASTA', 'SMP/SMPLB/MTs/Paket B', 5371042712074892),
(5371040712560001, 'DICKY CH. S. AMALO, SE.,MM', 'Laki-Laki', 'Kepala Keluarga', '07/12/1956', 'Sudah Menikah', 'Pensiunan', 'SD/SDLB/MI/Paket A', 5371042412072629),
(5371040806550001, 'J. E. S. LONAKIOEK', 'Laki-Laki', 'Kepala Keluarga', '08/06/1955', 'Sudah Menikah', 'Pensiunan', 'SMA/SMLB/MA/SMK/MAK/paket C', 5371042412070026),
(5371040806980004, 'DANIEL M.V. TANAUW', 'Laki-Laki', 'Anak', '08/06/1998', 'Belum Menikah', 'Pelajar/Mahasiswa', 'SMA/SMLB/MA/SMK/MAK/paket C', 5371042903120012),
(5371040808070002, 'RANDI S.E. NANGE', 'Laki-Laki', 'Anak', '08/08/2007', 'Belum Menikah', 'Pelajar/Mahasiswa', 'SMP/SMPLB/MTs/Paket B', 5371040501120003),
(5371040810110002, 'JHOE CHRISTIANO AENG ADOE', 'Laki-Laki', 'Anak', '08/10/2011', 'Belum Menikah', 'Belum Bekerja', 'Belum/Tidak Pernah Sekolah', 5371040908100013),
(5371040812040003, 'YUPRI ADIDEM LUSI', 'Laki-Laki', 'Anak', '08/12/2004', 'Belum Menikah', 'Pelajar/Mahasiswa', 'SD/SDLB/MI/Paket A', 5371042712071510),
(5371040812110001, 'DESPRIL ELANO LOLAIN', 'Laki-Laki', 'Anak', '08/02/2011', 'Belum Menikah', 'Belum Bekerja', 'Belum/Tidak Pernah Sekolah', 5371041501130003),
(5371040904000005, 'GREGORIUS FATIMA DA COSTA ', 'Laki-Laki', 'Anak', '09/04/2000', 'Belum Menikah', 'Belum Bekerja', 'SMA/SMLB/MA/SMK/MAK/paket C', 5371042604190015),
(5371040904870004, 'NEKSI SEUBELAN', 'Laki-Laki', 'Anak', '09/04/1987', 'Belum Menikah', 'SWASTA', 'SMA/SMLB/MA/SMK/MAK/paket C', 5371042512071571),
(5371040904920007, 'PRASETYO A. S. LONAKIOEK', 'Laki-Laki', 'Anak', '09/04/1992', 'Belum Menikah', 'Pelajar/Mahasiswa', 'SMA/SMLB/MA/SMK/MAK/paket C', 5371042412070026),
(5371040906840001, 'INOCENSIUS FRANCO PAY', 'Laki-Laki', 'Kepala Keluarga', '09/06/1984', 'Belum Menikah', 'WIRASWASTA', 'DIV/S1', 5371042109200001),
(5371040907840003, 'YACONY ARDENI LUSI', 'Laki-Laki', 'Kepala Keluarga', '09/07/1984', 'Sudah Menikah', 'WIRASWASTA', 'SMA/SMLB/MA/SMK/MAK/paket C', 5371042712071510),
(5371040908070004, 'AGUSTO IMANUEL BANU', 'Laki-Laki', 'Anak', '09/08/2007', 'Belum Menikah', 'Pelajar/Mahasiswa', 'SD/SDLB/MI/Paket A', 5371042612073256),
(5371041003030008, 'RENDRA ADI PRATAMA', 'Laki-Laki', 'Anak', '10/03/2008', 'Belum Menikah', 'Belum Bekerja', 'Belum/Tidak Pernah Sekolah', 5371042705130035),
(5371041003730012, 'MARTHEN WADU', 'Laki-Laki', 'Kepala Keluarga', '03/10/1973', 'Sudah Menikah', 'PNS', 'SD/SDLB/MI/Paket A', 5371042412074286),
(5371041006700005, 'DJONY N. B. WELLA', 'Laki-Laki', 'Kepala Keluarga', '06/10/1970', 'Sudah Menikah', 'Pekerja Lepas', 'SMA/SMLB/MA/SMK/MAK/paket C', 5371042212070715),
(5371041007070002, 'DILAN C. MALDINE', 'Laki-Laki', 'Anak', '10/07/2007', 'Belum Menikah', 'Belum Bekerja', 'Belum/Tidak Pernah Sekolah', 5371042712072647),
(5371041010170002, 'MARCHELLO GLEN PAULO ADOE', 'Laki-Laki', 'Anak', '10/10/2017', 'Belum Menikah', 'Belum Bekerja', 'Belum/Tidak Pernah Sekolah', 5371041710130005),
(5371041010610009, 'EDISON FANGGIDAE', 'Laki-Laki', 'Kepala Keluarga', '10/10/1961', 'Sudah Menikah', 'Pensiunan', 'DIV/S1', 5371042412071085),
(5371041012920004, 'DESANDRO KOLLOH', 'Laki-Laki', 'Anak', '10/12/1992', 'Belum Menikah', 'Belum Bekerja', 'SMA/SMLB/MA/SMK/MAK/paket C', 5371042612073493),
(5371041101050002, 'HAJUB KURNIAWAN', 'Laki-Laki', 'Anak', '11/01/2005', 'Belum Menikah', 'Pelajar/Mahasiswa', 'SD/SDLB/MI/Paket A', 5371042705130035),
(5371041102930004, 'FERDI ARIYANTO NATANEL LONA', 'Laki-Laki', 'Famili Lain', '11/02/1993', 'Belum Menikah', 'SWASTA', 'SMA/SMLB/MA/SMK/MAK/paket C', 5371042612073813),
(5371041103450002, 'MARKUS MAILETI', 'Laki-Laki', 'Kepala Keluarga', '03/11/1945', 'Sudah Menikah', 'Pensiunan', 'SMA/SMLB/MA/SMK/MAK/paket C', 5371042312071009),
(5371041103900005, 'PRADIAN K.S. LONAKIOEK', 'Laki-Laki', 'Kepala Keluarga', '11/03/1990', 'Sudah Menikah', 'Belum Bekerja', 'SMA/SMLB/MA/SMK/MAK/paket C', 5371041912120003),
(5371041109740003, 'SEMUEL PETRUS SADUK', 'Laki-Laki', 'Kepala Keluarga', '09/11/1974', 'Sudah Menikah', 'Pensiunan', 'SMA/SMLB/MA/SMK/MAK/paket C', 5371040409120004),
(5371041111920004, 'REYMON AXEL AMALO', 'Laki-Laki', 'Kepala Keluarga', '11/11/1992', 'Sudah Menikah', 'WIRASWASTA', 'DIV/S1', 5371041903200004),
(5371041120780006, 'VECKY ROBINSON ADULANU', 'Laki-Laki', 'Kepala Keluarga', '11/02/1978', 'Cerai Hidup', 'WIRASWASTA', 'SMA/SMLB/MA/SMK/MAK/paket C', 5371042910100110),
(5371041212940012, 'DEFIANTO DWI ANGGIWAN', 'Laki-Laki', 'Anak', '12/12/1994', 'Belum Menikah', 'Belum Bekerja', 'SMA/SMLB/MA/SMK/MAK/paket C', 5371042705100004),
(5371041301930003, 'JACK STIVANO TUANAHOPE', 'Laki-Laki', 'Anak', '13/01/1993', 'Belum Menikah', 'Pelajar/Mahasiswa', 'SMA/SMLB/MA/SMK/MAK/paket C', 5371042212071228),
(5371041303790015, 'MAICHEL M.S NALLE', 'Laki-Laki', 'Anak', '13/03/1979', 'Sudah Menikah', 'POLRI', 'SMA/SMLB/MA/SMK/MAK/paket C', 5371042012073519),
(5371041307740011, 'NYONGKI LOLAIN', 'Laki-Laki', 'Kepala Keluarga', '13/07/1974', 'Sudah Menikah', 'WIRASWASTA', 'SMA/SMLB/MA/SMK/MAK/paket C', 5371041501130003),
(5371041402070004, 'VAREL VALENTINO MBAU', 'Laki-Laki', 'Anak', '14/02/2007', 'Belum Menikah', 'Pelajar/Mahasiswa', 'SMP/SMPLB/MTs/Paket B', 5371040703120007),
(5371041403740010, 'MAURITS DAVIDSON MOOY', 'Laki-Laki', 'Kepala Keluarga', '14/03/1974', 'Sudah Menikah', 'WIRASWASTA', 'SMA/SMLB/MA/SMK/MAK/paket C', 5371042704120019),
(5371041403930002, 'SAMUEL LUSI', 'Laki-Laki', 'Anak', '14/03/1993', 'Belum Menikah', 'Pelajar/Mahasiswa', 'SMA/SMLB/MA/SMK/MAK/paket C', 5371042712071510),
(5371041404640003, 'ERWIN FRANGKI DANIEL', 'Laki-Laki', 'Kepala Keluarga', '14/04/1964', 'Sudah Menikah', 'WIRASWASTA', 'SMA/SMLB/MA/SMK/MAK/paket C', 5371040501120023),
(5371041405100004, 'ARTHA MYLANDRY P\'TROWL SUPENO', 'Laki-Laki', 'Anak', '14/05/2010', 'Belum Menikah', 'Belum Bekerja', 'SD/SDLB/MI/Paket A', 5371040211150003),
(5371041503580005, 'BENE DIKTUS LIWU', 'Laki-Laki', 'Kepala Keluarga', '15/03/1958', 'Cerai Mati', 'Pekerja Lepas', 'SMA/SMLB/MA/SMK/MAK/paket C', 5371042312072742),
(5371041504890004, 'ALFIUS M MANIMAI', 'Laki-Laki', 'Menantu', '15/04/1989', 'Belum Menikah', 'Pelajar/Mahasiswa', 'SMA/SMLB/MA/SMK/MAK/paket C', 5371042312071009),
(5371041504910004, 'ARMET PAULUS LUSI', 'Laki-Laki', 'Anak', '15/04/1991', 'Belum Menikah', 'Pelajar/Mahasiswa', 'SMA/SMLB/MA/SMK/MAK/paket C', 5371042712071510),
(5371041505880005, 'ALBERTO CH. E RIA', 'Laki-Laki', 'Famili Lain', '15/05/1988', 'Sudah Menikah', 'Pelajar/Mahasiswa', 'SMA/SMLB/MA/SMK/MAK/paket C', 5371042612073813),
(5371041511580010, 'NAHOR KOLLOH', 'Laki-Laki', 'Kepala Keluarga', '15/11/1958', 'Sudah Menikah', 'Belum Bekerja', 'SD/SDLB/MI/Paket A', 5371042612073493),
(5371041603770004, 'CORINUS PORWATA', 'Laki-Laki', 'Kepala Keluarga', '16/03/1977', 'Sudah Menikah', 'Pekerja Lepas', 'SMA/SMLB/MA/SMK/MAK/paket C', 5371042712070723),
(5371041610010002, 'REZA BERNADUS MBAU', 'Laki-Laki', 'Anak', '16/10/2001', 'Belum Menikah', 'Pelajar/Mahasiswa', 'SMA/SMLB/MA/SMK/MAK/paket C', 5371040703120007),
(5371041610670007, 'ORBET MANDALA, S.Th', 'Laki-Laki', 'Kepala Keluarga', '16/10/1967', 'Sudah Menikah', 'Pekerja Lepas', 'SD/SDLB/MI/Paket A', 5371040301120006),
(5371041630414000, 'GRACIA PRAILIA LOLAIN', 'Perempuan', 'Anak', '23/04/2014', 'Belum Menikah', 'Belum Bekerja', 'Belum/Tidak Pernah Sekolah', 5371041501130003),
(5371041701800004, 'YANSI L. DETHAN', 'Laki-Laki', 'Anak', '17/01/1980', 'Belum Menikah', 'WIRASWASTA', 'SMP/SMPLB/MTs/Paket B', 5371041701180011),
(5371041705910006, 'HERIBERTUS BEREK', 'Laki-Laki', 'Kepala Keluarga', '17/05/1991', 'Belum Menikah', 'Belum Bekerja', 'SMP/SMPLB/MTs/Paket B', 5371043103210009),
(5371041712880006, 'RONALD D. Z. BESSIE', 'Laki-Laki', 'Famili Lain', '17/12/1988', 'Belum Menikah', 'Pelajar/Mahasiswa', 'SMA/SMLB/MA/SMK/MAK/paket C', 5371042412070026),
(5371041803810010, 'ROBINSON MARTIN MUSKANAN', 'Laki-Laki', 'Kepala Keluarga', '18/03/1981', 'Sudah Menikah', 'WIRASWASTA', 'SMA/SMLB/MA/SMK/MAK/paket C', 5371042512071176),
(5371041804810004, 'RAYMOND REVRAIN ELIM', 'Laki-Laki', 'Kepala Keluarga', '18/04/1981', 'Sudah Menikah', 'Pekerja Lepas', 'DI/DII/DIII', 5371041407200011),
(5371041804970000, 'JAPRILUIS SOLUK', 'Laki-Laki', 'Kepala Keluarga', '19/04/1997', 'Sudah Menikah', 'Pelajar/Mahasiswa', 'SMA/SMLB/MA/SMK/MAK/paket C', 5371041011200020),
(5371041805090001, 'MUHAMADIAH QBAL AL HAZMI', 'Laki-Laki', 'Anak', '18/05/2009', 'Belum Menikah', 'Belum Bekerja', 'Belum/Tidak Pernah Sekolah', 5371041907100012),
(5371041806640005, 'F. JEFRI FERNANDEZ, BE', 'Laki-Laki', 'Kepala Keluarga', '18/06/1964', 'Sudah Menikah', 'Belum Bekerja', 'DI/DII/DIII', 5371042312071501),
(5371041807820002, 'SAMUEL ADOE', 'Laki-Laki', 'Kepala Keluarga', '18/07/1982', 'Sudah Menikah', 'WIRASWASTA', 'SMA/SMLB/MA/SMK/MAK/paket C', 5371041710130005),
(5371041807990005, 'CHARLIE ADRIAN WADU', 'Laki-Laki', 'Anak', '18/07/1999', 'Belum Menikah', 'Pekerja Lepas', 'SMA/SMLB/MA/SMK/MAK/paket C', 5371042412074286),
(5371041809310002, 'LEONARDUS MAU', 'Laki-Laki', 'Kepala Keluarga', '18/09/1931', 'Sudah Menikah', 'Pensiunan', 'SMP/SMPLB/MTs/Paket B', 5371042412070172),
(5371041901820004, 'MOHADI', 'Laki-Laki', 'Kepala Keluarga', '19/01/1982', 'Sudah Menikah', 'WIRASWASTA', 'SMA/SMLB/MA/SMK/MAK/paket C', 5371041807120036),
(5371041902680004, 'FREDIK EDISON TABUN ', 'Laki-Laki', 'Kepala Keluarga', '19/02/1968', 'Sudah Menikah', 'WIRASWASTA', 'DIV/S1', 5371042303110007),
(5371041907090002, 'CRISTIAN QUIMARAINS DA COSTA', 'Laki-Laki', 'Anak', '19/07/2009', 'Belum Menikah', 'Pelajar/Mahasiswa', 'SD/SDLB/MI/Paket A', 5371042604190015),
(5371041907730004, 'JEMI J.E. TABUN', 'Laki-Laki', 'Kepala Keluarga', '19/07/1973', 'Sudah Menikah', 'WIRASWASTA', 'DIV/S1', 5371042804110009),
(5371041909700007, 'YONATHAN YOSEPH', 'Laki-Laki', 'Kepala Keluarga', '19/09/1970', 'Sudah Menikah', 'Belum Bekerja', 'SMA/SMLB/MA/SMK/MAK/paket C', 5371042712070512),
(5371041909990005, 'ALDI MASANG', 'Laki-Laki', 'Anak', '19/09/1999', 'Belum Menikah', 'Belum Bekerja', 'Belum/Tidak Pernah Sekolah', 5371042512070633),
(5371041912640001, 'DANCE TULLE', 'Laki-Laki', 'Kepala Keluarga', '19/12/1964', 'Sudah Menikah', 'PNS', 'DIV/S1', 5371042012070817),
(5371042001510001, 'AMBO DALE MUMUHAMAD', 'Laki-Laki', 'Kepala Keluarga', '20/01/1951', 'Sudah Menikah', 'WIRASWASTA', 'SD/SDLB/MI/Paket A', 5371040501120005),
(5371042001650002, 'JARLENS H. LAPEBESI', 'Laki-Laki', 'Kepala Keluarga', '20/01/1965', 'Sudah Menikah', 'Belum Bekerja', 'DIV/S1', 5371042512071521),
(5371042002890001, 'RETNO SUPENO', 'Laki-Laki', 'Kepala Keluarga', '20/11/1989', 'Sudah Menikah', 'Pekerja Lepas', 'SMA/SMLB/MA/SMK/MAK/paket C', 5371040211150003),
(5371042002910004, 'TITO ESHA PRADITYA', 'Laki-Laki', 'Famili Lain', '20/02/1991', 'Belum Menikah', 'Belum Bekerja', 'SMA/SMLB/MA/SMK/MAK/paket C', 5371042712074306),
(5371042004650001, 'MESAKH ABIAPELLO DETHAN', 'Laki-Laki', 'Kepala Keluarga', '20/04/1965', 'Sudah Menikah', 'Pekerja Lepas', 'SD/SDLB/MI/Paket A', 5371042512074465),
(5371042005070006, 'WENDEL JOSHUA LEIWAKABESSY', 'Laki-Laki', 'Anak', '20/05/2007', 'Belum Menikah', 'Pelajar/Mahasiswa', 'SD/SDLB/MI/Paket A', 5371043006110011),
(5371042006150002, 'SABINUS J.A.S RANDU', 'Laki-Laki', 'Anak', '20/06/2015', 'Belum Menikah', 'Belum Bekerja', 'SD/SDLB/MI/Paket A', 5371041907120023),
(5371042006450004, 'THOMAS ALFONSUS KASSE', 'Laki-Laki', 'Kepala Keluarga', '20/06/1945', 'Sudah Menikah', 'WIRASWASTA', 'SMA/SMLB/MA/SMK/MAK/paket C', 5371042712074243),
(5371042012000001, 'HARRY NUSTIM DANIL LUSI', 'Laki-Laki', 'Anak', '20/12/2000', 'Belum Menikah', 'Pelajar/Mahasiswa', 'SMA/SMLB/MA/SMK/MAK/paket C', 5371042012070770),
(5371042012960007, 'JOUFEL SLETY SOLUK', 'Laki-Laki', 'Anak', '20/12/1996', 'Belum Menikah', 'Pelajar/Mahasiswa', 'SMA/SMLB/MA/SMK/MAK/paket C', 5371042412070534),
(5371042103010007, 'BRYAN REVENTH S. NDOLU', 'Laki-Laki', 'Anak', '21/03/2001', 'Belum Menikah', 'Pelajar/Mahasiswa', 'SMP/SMPLB/MTs/Paket B', 5371042712072229),
(5371042104850018, 'ANSELMO ANTONIO GUTERRES FREITAS', 'Laki-Laki', 'Famili Lain', '21/04/1985', 'Sudah Menikah', 'WIRASWASTA', 'DIV/S1', 5371042612073813),
(5371042105010006, 'POLIKARPUS M.S. THEI', 'Laki-Laki', 'Anak', '21/05/2001', 'Belum Menikah', 'Pelajar/Mahasiswa', 'SMA/SMLB/MA/SMK/MAK/paket C', 5371042712070773),
(5371042106780013, 'HASAN ADJAM', 'Laki-Laki', 'Kepala Keluarga', '21/06/1978', 'Sudah Menikah', 'WIRASWASTA', 'SMA/SMLB/MA/SMK/MAK/paket C', 5371041505130009),
(5371042106880002, 'YOHANES FATIMA DA COSTA', 'Laki-Laki', 'Anak', '21/06/1988', 'Belum Menikah', 'Pekerja Lepas', 'DIV/S1', 5371042604190015),
(5371042107820010, 'ROBERTH BAOK', 'Laki-Laki', 'Famili Lain', '21/07/1982', 'Belum Menikah', 'WIRASWASTA', 'SMA/SMLB/MA/SMK/MAK/paket C', 5371042312071768),
(5371042107880001, 'JULIAN RUDYBEL LAPEBESI', 'Laki-Laki', 'Kepala Keluarga', '21/07/1988', 'Sudah Menikah', 'Belum Bekerja', 'SMA/SMLB/MA/SMK/MAK/paket C', 5371041608180008),
(5371042108420001, 'RUBEN FUNAY, DRS', 'Laki-Laki', 'Kepala Keluarga', '21/08/1942', 'Sudah Menikah', 'Pensiunan', 'DIV/S1', 5371042312070438),
(5371042109950002, 'DON MAYOR SEPTIAN ADOE', 'Laki-Laki', 'Anak', '21/09/1995', 'Belum Menikah', 'Pelajar/Mahasiswa', 'SMA/SMLB/MA/SMK/MAK/paket C', 5371042012074650),
(5371042110770009, 'WILHEM SAMUEL TAEDINI', 'Laki-Laki', 'Kepala Keluarga', '21/10/1977', 'Sudah Menikah', 'Belum Bekerja', 'SMA/SMLB/MA/SMK/MAK/paket C', 5371042705130004),
(5371042204150003, 'ACHAMAD A.A. ADJAM', 'Laki-Laki', 'Anak', '22/04/2015', 'Belum Menikah', 'Belum Bekerja', 'Belum/Tidak Pernah Sekolah', 5371041505130009),
(5371042205020001, 'CHARLY ROMY IMANUEL MUSKANAN', 'Laki-Laki', 'Anak', '22/05/2002', 'Belum Menikah', 'Pelajar/Mahasiswa', 'SMA/SMLB/MA/SMK/MAK/paket C', 5371042512071176),
(5371042208640003, 'HELMAN G. TOUDUA', 'Laki-Laki', 'Kepala Keluarga', '22/08/1963', 'Sudah Menikah', 'Pekerja Lepas', 'SMA/SMLB/MA/SMK/MAK/paket C', 5371042612073828),
(5371042209630002, 'DIKSON JONATHAN ADULANU', 'Laki-Laki', 'Kepala Keluarga', '22/09/1963', 'Sudah Menikah', 'PNS', 'DIV/S1', 5371042712074306),
(5371042211800004, 'WIDOWANTO I. LODOH', 'Laki-Laki', 'Kepala Keluarga', '22/11/1980', 'Sudah Menikah', 'Belum Bekerja', 'SMA/SMLB/MA/SMK/MAK/paket C', 5371042612070689),
(5371042212530007, 'EGIDIUS LAZARUS THEI', 'Laki-Laki', 'Anak', '22/12/1963', 'Belum Menikah', 'Belum Bekerja', 'SMA/SMLB/MA/SMK/MAK/paket C', 5371042512072458),
(5371042212830005, 'GUSTOMO', 'Laki-Laki', 'Kepala Keluarga', '22/12/1983', 'Sudah Menikah', 'Pekerja Lepas', 'SMP/SMPLB/MTs/Paket B', 5371041802140001),
(5371042240279000, 'HENDRIK TAEDINI', 'Laki-Laki', 'Kepala Keluarga', '24/02/1979', 'Sudah Menikah', 'PNS', 'SMA/SMLB/MA/SMK/MAK/paket C', 5371041002150004),
(5371042301340001, 'MATHEOS HABA BUNGA', 'Laki-Laki', 'Kepala Keluarga', '23/01/1934', 'Sudah Menikah', 'Pensiunan', 'SMA/SMLB/MA/SMK/MAK/paket C', 5371042212072889),
(5371042302870004, 'DINAR MASANG', 'Laki-Laki', 'Anak', '23/02/1987', 'Sudah Menikah', 'Pelajar/Mahasiswa', 'SD/SDLB/MI/Paket A', 5371042512070633),
(5371042303880008, 'HERU SANTOSO', 'Laki-Laki', 'Famili Lain', '23/03/1988', 'Belum Menikah', 'Belum Bekerja', 'SMP/SMPLB/MTs/Paket B', 5371042705130035),
(5371042305700003, 'IZAK ELIA ELUANA', 'Laki-Laki', 'Kepala Keluarga', '23/05/1970', 'Sudah Menikah', 'WIRASWASTA', 'SMA/SMLB/MA/SMK/MAK/paket C', 5371042612073013),
(5371042306630004, 'JEMY H. PINGAH', 'Laki-Laki', 'Kepala Keluarga', '23/08/1963', 'Sudah Menikah', 'WIRASWASTA', 'SMP/SMPLB/MTs/Paket B', 5371042712071883),
(5371042306770003, 'RUDY KRISLAYANTO', 'Laki-Laki', 'Kepala Keluarga', '23/06/1977', 'Sudah Menikah', 'Pekerja Lepas', 'SMA/SMLB/MA/SMK/MAK/paket C', 5371042812150004),
(5371042306970002, 'AGUNG BUDI SANTOSO ', 'Laki-Laki', 'Famili Lain', '23/06/1997', 'Belum Menikah', 'Pelajar/Mahasiswa', 'SMP/SMPLB/MTs/Paket B', 5371041409120012),
(5371042308570002, 'AGUSTINUS FANGGIDAE', 'Laki-Laki', 'Kepala Keluarga', '23/08/1957', 'Sudah Menikah', 'WIRASWASTA', 'SMP/SMPLB/MTs/Paket B', 5371042312071768),
(5371042310620006, 'JERMIAS TUANAHOPE', 'Laki-Laki', 'Kepala Keluarga', '23/10/1962', 'Sudah Menikah', 'PNS', 'SMA/SMLB/MA/SMK/MAK/paket C', 5371042212071228),
(5371042311110002, 'CHRISTHOPER BONFILIO MILANO MOSA', 'Laki-Laki', 'Anak', '23/11/2011', 'Belum Menikah', 'Pelajar/Mahasiswa', 'SD/SDLB/MI/Paket A', 5371042912110033),
(5371042312850005, 'NICHODEMUS SALEAN', 'Laki-Laki', 'Kepala Keluarga', '23/12/1985', 'Belum Menikah', 'Pekerja Lepas', 'SMA/SMLB/MA/SMK/MAK/paket C', 5371042512073166),
(5371042402800002, 'TONNY GOUSARIO', 'Laki-Laki', 'Kepala Keluarga', '24/02/1980', 'Sudah Menikah', 'Belum Bekerja', 'SMA/SMLB/MA/SMK/MAK/paket C', 5371042110100014),
(5371042403100002, 'MACHM UDACHMAD ADJAM', 'Laki-Laki', 'Anak', '24/03/2010', 'Belum Menikah', 'Belum Bekerja', 'Belum/Tidak Pernah Sekolah', 5371041505130009),
(5371042404740001, 'JEKSON O. SEME', 'Laki-Laki', 'Kepala Keluarga', '24/04/1974', 'Sudah Menikah', 'Belum Bekerja', 'SMA/SMLB/MA/SMK/MAK/paket C', 5371040408100009),
(5371042404740015, 'HENDRIK E. BOIMAU', 'Laki-Laki', 'Kepala Keluarga', '24/04/1974', 'Sudah Menikah', 'Belum Bekerja', 'SMA/SMLB/MA/SMK/MAK/paket C', 5371042712073142),
(5371042405650002, 'MELCHIANUS PANDIE', 'Laki-Laki', 'Kepala Keluarga', '24/05/1965', 'Sudah Menikah', 'PNS', 'DIV/S1', 5371042106110009),
(5371042405730005, 'TIMY MEXY AMALO', 'Laki-Laki', 'Kepala Keluarga', '24/05/1973', 'Sudah Menikah', 'WIRASWASTA', 'SMA/SMLB/MA/SMK/MAK/paket C', 5371042312073763),
(5371042406720007, 'DJONI MANDALA, S.Pd', 'Laki-Laki', 'Kepala Keluarga', '24/06/1972', 'Sudah Menikah', 'PNS', 'DIV/S1', 5371042502110016),
(5371042407110005, 'ROBERTH JULIO YESAYA YOSEPH', 'Laki-Laki', 'Anak', '24/07/2011', 'Belum Menikah', 'Pelajar/Mahasiswa', 'SD/SDLB/MI/Paket A', 5371042712070512),
(5371042407670001, 'MARTHEN ABRAHAM LUSI', 'Laki-Laki', 'Kepala Keluarga', '24/07/1967', 'Sudah Menikah', 'Pensiunan', 'SMA/SMLB/MA/SMK/MAK/paket C', 5371042012070770),
(5371042409840002, 'BRUSLY ROBINSON FANGGIDAE, S.Kom', 'Laki-Laki', 'Kepala Keluarga', '24/09/1984', 'Sudah Menikah', 'WIRASWASTA', 'DIV/S1', 5371042904140006),
(5371042411940004, 'RISKI HADIYANTO', 'Laki-Laki', 'Famili Lain', '24/11/1994', 'Belum Menikah', 'Belum Bekerja', 'SMP/SMPLB/MTs/Paket B', 5371042705130035),
(5371042508650001, 'SALMUN SOLUK', 'Laki-Laki', 'Kepala Keluarga', '25/08/1965', 'Belum Menikah', 'WIRASWASTA', 'SMA/SMLB/MA/SMK/MAK/paket C', 5371042412070534),
(5371042509530002, 'SAMUEL I. MUSKANAN', 'Laki-Laki', 'Kepala Keluarga', '25/09/1953', 'Sudah Menikah', 'Pensiunan', 'SMA/SMLB/MA/SMK/MAK/paket C', 5371042212072887),
(5371042512120002, 'BRAYEN YOSEPH', 'Laki-Laki', 'Anak', '25/12/2012', 'Belum Menikah', 'Pelajar/Mahasiswa', 'SD/SDLB/MI/Paket A', 5371042712070512),
(5371042604860010, 'ADRIANUS TINO', 'Laki-Laki', 'Kepala Keluarga', '26/04/1986', 'Sudah Menikah', 'Belum Bekerja', 'SMA/SMLB/MA/SMK/MAK/paket C', 5371041507130015),
(5371042606030001, 'CHRSTIAN ALBERTH BUNGA', 'Laki-Laki', 'Anak', '26/06/2003', 'Belum Menikah', 'Pelajar/Mahasiswa', 'SD/SDLB/MI/Paket A', 5371042712074892),
(5371042609960005, 'RUDIYANTO LEIWAKABESSY', 'Laki-Laki', 'Anak', '26/09/1996', 'Belum Menikah', '', 'SMA/SMLB/MA/SMK/MAK/paket C', 5371043006110011),
(5371042612170001, 'ELLOWEYNAND GABRIEL DAE PANIE', 'Laki-Laki', 'Anak', '26/12/2017', 'Belum Menikah', 'Belum Bekerja', 'Belum/Tidak Pernah Sekolah', 5371042012170005),
(5371042612480001, 'THOBIAS DARWIN J. NALLE', 'Laki-Laki', 'Kepala Keluarga', '26/12/1948', 'Sudah Menikah', 'WIRASWASTA', 'SMA/SMLB/MA/SMK/MAK/paket C', 5371042012073519),
(5371042702760002, 'SILVESTER NDAUMANU', 'Laki-Laki', 'Kepala Keluarga', '27/02/1976', 'Sudah Menikah', 'PNS', 'DIV/S1', 5371041901120004),
(5371042702790004, 'FERDINAND LAPEBESI', 'Laki-Laki', 'Kepala Keluarga', '27/02/1979', 'Sudah Menikah', 'WIRASWASTA', 'SMA/SMLB/MA/SMK/MAK/paket C', 5371042310170007),
(5371042702790009, 'HANDRY F. LEIWAKABESSY', 'Laki-Laki', 'Kepala Keluarga', '27/02/1979', 'Sudah Menikah', 'Pekerja Lepas', 'SMA/SMLB/MA/SMK/MAK/paket C', 5371043006110011),
(5371042704830014, 'RUDI PURNOMO', 'Laki-Laki', 'Anak', '27/04/1983', 'Belum Menikah', 'PNS', 'SMA/SMLB/MA/SMK/MAK/paket C', 5371042705100004),
(5371042705010011, 'MEDION DAUD DADI LADO', 'Laki-Laki', 'Famili Lain', '27/05/2001', 'Belum Menikah', 'Pelajar/Mahasiswa', 'SD/SDLB/MI/Paket A', 5371042106110009),
(5371042705900007, 'AGUSTINUS D. THEI', 'Laki-Laki', 'Anak', '27/05/1990', 'Belum Menikah', 'Belum Bekerja', 'SD/SDLB/MI/Paket A', 5371042712070773),
(5371042706630003, 'JONY RUDOLOF WONLELE', 'Laki-Laki', 'Kepala Keluarga', '27/06/1963', 'Sudah Menikah', 'WIRASWASTA', 'SMA/SMLB/MA/SMK/MAK/paket C', 5371042612070785),
(5371042706680006, 'YAP ROMAN LOLAIN', 'Laki-Laki', 'Kepala Keluarga', '27/06/1968', 'Belum Menikah', 'WIRASWASTA', 'SMP/SMPLB/MTs/Paket B', 5371042712071386),
(5371042706830005, 'YANTO P. KOLLOH', 'Laki-Laki', 'Anak', '27/06/1983', 'Belum Menikah', 'WIRASWASTA', 'SMP/SMPLB/MTs/Paket B', 5371042612073493),
(5371042707030007, 'KRISTEN DILLAN WILLA TABUN ', 'Laki-Laki', 'Anak', '27/07/2003', 'Belum Menikah', 'Pelajar/Mahasiswa', 'SD/SDLB/MI/Paket A', 5371042303110007),
(5371042707790011, 'SUKATNO', 'Laki-Laki', 'Kepala Keluarga', '27/07/1979', 'Sudah Menikah', 'WIRASWASTA', 'SMA/SMLB/MA/SMK/MAK/paket C', 5371042712072647),
(5371042708510001, 'AGUSTINUS TAEDINI', 'Laki-Laki', 'Kepala Keluarga', '27/08/1951', 'Sudah Menikah', 'WIRASWASTA', 'SMA/SMLB/MA/SMK/MAK/paket C', 5371042412070599),
(5371042709110001, 'GAROLD LOUIS HANDREA LEIWAKABESSY', 'Laki-Laki', 'Anak', '27/09/2011', 'Belum Menikah', 'Pelajar/Mahasiswa', 'SD/SDLB/MI/Paket A', 5371043006110011),
(5371042806650006, 'PETRUS A.B. THEI, ST', 'Laki-Laki', 'Kepala Keluarga', '28/06/1965', 'Sudah Menikah', 'WIRASWASTA', 'DIV/S1', 5371042712070773),
(5371042806860002, 'YOHANES DILLIAN PERRY MAN', 'Laki-Laki', 'Kepala Keluarga', '28/06/1988', 'Sudah Menikah', 'WIRASWASTA', 'SMA/SMLB/MA/SMK/MAK/paket C', 5371040202210008),
(5371042807770011, 'RAMSES VIKTOR ELIM', 'Laki-Laki', 'Kepala Keluarga', '28/07/1977', 'Sudah Menikah', 'PNS', 'DIV/S1', 5371040501120011),
(5371042901050001, 'RENNY FELIA YO YOSEP', 'Perempuan', 'Anak', '29/01/2005', 'Belum Menikah', 'Pelajar/Mahasiswa', 'SD/SDLB/MI/Paket A', 5371042712070512),
(5371042904970001, 'ANDERSON FILIPHUS FERNANDEZ AIKOLI', 'Laki-Laki', 'Anak', '29/04/1997', 'Belum Menikah', 'Pelajar/Mahasiswa', 'SMA/SMLB/MA/SMK/MAK/paket C', 5371042312071501),
(5371042907830003, 'REYNOLD DONATUS MOSA', 'Laki-Laki', 'Kepala Keluarga', '29/07/1983', 'Sudah Menikah', 'SWASTA', 'SMA/SMLB/MA/SMK/MAK/paket C', 5371042912110033),
(5371042911010002, 'CHANDRA JHORDAN TUPU LODOH', 'Laki-Laki', 'Anak', '29/11/2001', 'Belum Menikah', 'Pelajar/Mahasiswa', 'SD/SDLB/MI/Paket A', 5371042612070689),
(5371042912660003, 'JOHANIS CHRISTIAN TANAUW', 'Laki-Laki', 'Kepala Keluarga', '29/12/1966', 'Sudah Menikah', 'POLRI', 'SMA/SMLB/MA/SMK/MAK/paket C', 5371042903120012),
(5371043003860005, 'SUWANSON M.I. BANAM TUAN', 'Laki-Laki', 'Anak', '30/03/1986', 'Belum Menikah', 'Belum Bekerja', 'SMA/SMLB/MA/SMK/MAK/paket C', 5371042712074243),
(5371043003970008, 'VARYO SETIAWAN', 'Laki-Laki', 'Famili Lain', '30/03/1997', 'Belum Menikah', 'Belum Bekerja', 'SMP/SMPLB/MTs/Paket B', 5371042705130035),
(5371043005710004, 'MELFIN MARTINUS M. A. ADULANU', 'Laki-Laki', 'Kepala Keluarga', '30/05/1971', 'Sudah Menikah', 'WIRASWASTA', 'SMA/SMLB/MA/SMK/MAK/paket C', 5371042102110005),
(5371043006720005, 'JEFRI EFRAIM ADULANU', 'Laki-Laki', 'Kepala Keluarga', '30/06/1972', 'Sudah Menikah', 'WIRASWASTA', 'SMA/SMLB/MA/SMK/MAK/paket C', 5371041501150002),
(5371043007750001, 'RUBEN BENY A. SADUKH', 'Laki-Laki', 'Kepala Keluarga', '30/07/1975', 'Sudah Menikah', 'PNS', 'SMA/SMLB/MA/SMK/MAK/paket C', 5371042012071979),
(5371043008980004, 'AGREN BANOET', 'Laki-Laki', 'Famili Lain', '30/08/1998', 'Belum Menikah', 'Mengurus Rumah Tangga', 'SD/SDLB/MI/Paket A', 5371042502110016),
(5371043009830011, 'RAHMAN MUHAMAD', 'Laki-Laki', 'Anak', '30/09/1983', 'Belum Menikah', 'Belum Bekerja', 'SMA/SMLB/MA/SMK/MAK/paket C', 5371040501120005),
(5371043012700002, 'MELKIANUS DANIEL ADOE', 'Laki-Laki', 'Kepala Keluarga', '30/12/1970', 'Sudah Menikah', 'Pegawai BUMN', 'SMA/SMLB/MA/SMK/MAK/paket C', 5371040908100013),
(5371043101380001, 'ZACHEOS ADULANU', 'Laki-Laki', 'Kepala Keluarga', '31/01/1938', 'Cerai Mati', 'Pensiunan', 'SD/SDLB/MI/Paket A', 5371041706110005),
(5371043108010004, 'RANDY ALEXANDER YOSEPH', 'Laki-Laki', 'Anak', '31/08/2001', 'Belum Menikah', 'Pelajar/Mahasiswa', 'SMP/SMPLB/MTs/Paket B', 5371042712070512),
(5371043110790009, 'TENY S. SEME', 'Laki-Laki', 'Kepala Keluarga', '31/10/1979', 'Sudah Menikah', 'Belum Bekerja', 'SMA/SMLB/MA/SMK/MAK/paket C', 5371042512074690),
(5371044101700009, 'DEETJE THABITA LAY', 'Perempuan', 'Kepala Keluarga', '01/01/1970', 'Sudah Menikah', 'Mengurus Rumah Tangga', 'SMA/SMLB/MA/SMK/MAK/paket C', 5371043004180016),
(5371044101730019, 'NOVIA AMANDA PUTRI NAVILA', 'Perempuan', 'Istri', '01/01/1973', 'Sudah Menikah', 'Mengurus Rumah Tangga', 'SMA/SMLB/MA/SMK/MAK/paket C', 5371042510100008),
(5371044102690007, 'DJENAB TALIB', 'Perempuan', 'Kepala Keluarga', '01/02/1969', 'Belum Menikah', 'WIRASWASTA', 'SMA/SMLB/MA/SMK/MAK/paket C', 5371042705130035),
(5371044102730007, 'TUTIURMAARITONANG', 'Perempuan', 'Istri', '01/02/1973', 'Sudah Menikah', 'Belum Bekerja', 'DI/DII/DIII', 5371040408100009),
(5371044103680001, 'MARTHAREDA W. TULLE-BANO', 'Perempuan', 'Istri', '01/03/1968', 'Sudah Menikah', 'Mengurus Rumah Tangga', 'SMA/SMLB/MA/SMK/MAK/paket C', 5371042012070817),
(5371044104620002, 'AGUSTINA FANGGIDAE-NDOLU', 'Perempuan', 'Istri', '01/04/1962', 'Sudah Menikah', 'Mengurus Rumah Tangga', 'SMA/SMLB/MA/SMK/MAK/paket C', 5371042312071768),
(5371044106900001, 'CHRISTIANI JUWITA PAY', 'Perempuan', 'Anak', '01/06/1980', 'Belum Menikah', 'Pegawai BUMN', 'DIV/S1', 5371042109200001),
(5371044109190002, 'MELYNE SAMANTHA MOSA', 'Perempuan', 'Anak', '01/09/2019', 'Belum Menikah', 'Belum Bekerja', 'Belum/Tidak Pernah Sekolah', 5371042912110033),
(5371044200675000, 'WELHELMINA YULIANA KOLAL', 'Perempuan', 'Istri', '02/06/1975', 'Sudah Menikah', 'Mengurus Rumah Tangga', 'SMA/SMLB/MA/SMK/MAK/paket C', 5371042712071220),
(5371044202060003, 'ADELEIDA A. DETHAN', 'Perempuan', 'Anak', '02/03/2006', 'Belum Menikah', 'Pelajar/Mahasiswa', 'SD/SDLB/MI/Paket A', 5371042512074465),
(5371044202740003, 'FARIDA E. WELLA PELLOKILA', 'Perempuan', 'Istri', '02/02/1974', 'Sudah Menikah', 'Mengurus Rumah Tangga', 'SMA/SMLB/MA/SMK/MAK/paket C', 5371044202740003),
(5371044202750001, 'MARSELA AQUA OLIN', 'Perempuan', 'Kepala Keluarga', '02/02/1975', 'Sudah Menikah', 'WIRASWASTA', 'SMP/SMPLB/MTs/Paket B', 5371042712071243),
(5371044203830008, 'MARCE ADULANU LOUK FANGGI', 'Perempuan', 'Istri', '02/03/1983', 'Sudah Menikah', 'Mengurus Rumah Tangga', 'SMA/SMLB/MA/SMK/MAK/paket C', 5371042102110005),
(5371044205010002, 'EGI A. CHRISTINA TULLE', 'Perempuan', 'Anak', '02/05/2001', 'Belum Menikah', 'Pelajar/Mahasiswa', 'SD/SDLB/MI/Paket A', 5371042012070817),
(5371044206750026, 'MARTEDA TITU EKI', 'Perempuan', 'Kepala Keluarga', '02/05/1975', 'Sudah Menikah', 'Mengurus Rumah Tangga', 'SMA/SMLB/MA/SMK/MAK/paket C', 5371041501130003),
(5371044210000004, 'FITRY NINGSIH BANU', 'Laki-Laki', 'Anak', '02/10/2000', 'Belum Menikah', 'Pelajar/Mahasiswa', 'SMP/SMPLB/MTs/Paket B', 5371042612073256),
(5371044212890003, 'RANI MASANG', 'Perempuan', 'Anak', '02/12/1989', 'Belum Menikah', 'Pelajar/Mahasiswa', 'SD/SDLB/MI/Paket A', 5371042512070633),
(5371044212950004, 'NATALIA S. DETHAN', 'Perempuan', 'Anak', '02/12/1995', 'Belum Menikah', 'Pelajar/Mahasiswa', 'SMP/SMPLB/MTs/Paket B', 5371042512074465),
(5371044301790008, 'NORMA JULIYANTI PELLA', 'Perempuan', 'Istri', '03/01/1979', 'Sudah Menikah', 'Mengurus Rumah Tangga', 'SMP/SMPLB/MTs/Paket B', 5371042712073142),
(5371044302010003, 'MARIA V.  ELMA ELUANA', 'Perempuan', 'Anak', '13/02/2001', 'Belum Menikah', 'Pelajar/Mahasiswa', 'SMP/SMPLB/MTs/Paket B', 5371042612073013),
(5371044304040003, 'PINKAN ALWINA WADU', 'Perempuan', 'Anak', '03/04/2004', 'Belum Menikah', 'Belum Bekerja', 'SMA/SMLB/MA/SMK/MAK/paket C', 5371042412074286),
(5371044405010002, 'MARIA YULIANA DIDOEK WONLELE', 'Perempuan', 'Anak', '04/05/2001', 'Belum Menikah', 'Belum Bekerja', 'SMA/SMLB/MA/SMK/MAK/paket C', 5371042612070785),
(5371044410170003, 'MARCELINE MARANATHA MELANIA MOSA', 'Perempuan', 'Anak', '04/10/2017', 'Belum Menikah', 'Belum Bekerja', 'Belum/Tidak Pernah Sekolah', 5371042912110033),
(5371044504010004, 'STIVANI APRILIA ADOLFINA LOLAIN', 'Perempuan', 'Anak', '05/04/2001', 'Belum Menikah', 'Pelajar/Mahasiswa', 'SD/SDLB/MI/Paket A', 5371042712071220),
(5371044510800004, 'DHEA SETIANA', 'Perempuan', 'Istri', '05/10/1980', 'Sudah Menikah', 'Mengurus Rumah Tangga', 'SMA/SMLB/MA/SMK/MAK/paket C', 5371043006110011),
(5371044604580001, 'DRA. JOTTYANNE APRINIA EOH', 'Perempuan', 'Istri', '06/04/1958', 'Sudah Menikah', 'PNS', 'DIV/S1', 5371042412072629),
(5371044605830011, 'SAYEM SRIWINARNI', 'Perempuan', 'Istri', '05/05/1963', 'Sudah Menikah', 'Mengurus Rumah Tangga', 'SD/SDLB/MI/Paket A', 5371042705100004),
(5371044608460001, 'ESTEHR FUNAY AM NIFU', 'Perempuan', 'Istri', '06/08/1946', 'Sudah Menikah', 'Mengurus Rumah Tangga', 'SMA/SMLB/MA/SMK/MAK/paket C', 5371042312070438),
(5371044701000004, 'MARTHA N. FERNANDEZ AIKOLI', 'Perempuan', 'Kepala Keluarga', '07/01/2000', 'Belum Menikah', 'Pelajar/Mahasiswa', 'SMP/SMPLB/MTs/Paket B', 5371041805200003),
(5371044702030003, 'FENTY SALMA TULLE', 'Perempuan', 'Anak', '07/02/2003', 'Belum Menikah', 'Pelajar/Mahasiswa', 'SD/SDLB/MI/Paket A', 5371042012070817),
(5371044702030004, 'FANTY SARMA TULLE', 'Perempuan', 'Anak', '07/02/2003', 'Belum Menikah', 'Pelajar/Mahasiswa', 'SD/SDLB/MI/Paket A', 5371042012070817),
(5371044707940011, 'CLAUDIA J.E. THEI', 'Perempuan', 'Anak', '07/07/1994', 'Belum Menikah', 'Belum Bekerja', 'SD/SDLB/MI/Paket A', 5371042712070773),
(5371044708770002, 'SELFIANA BUNGA', 'Perempuan', 'Kepala Keluarga', '07/08/1977', 'Cerai Mati', 'Mengurus Rumah Tangga', 'SMA/SMLB/MA/SMK/MAK/paket C', 5371041411190006),
(5371044711020002, 'RINI YOSEPH ', 'Perempuan', 'Anak', '07/11/2002', 'Belum Menikah', 'Pelajar/Mahasiswa', 'SMP/SMPLB/MTs/Paket B', 5371042712070512),
(5371044711500001, 'FELSITAS HABA BUNGA-RANOH', 'Perempuan', 'Istri', '07/11/1935', 'Sudah Menikah', 'Mengurus Rumah Tangga', 'SMA/SMLB/MA/SMK/MAK/paket C', 5371042212072889),
(5371044802810011, 'FEBBY A. BUNGA-ALBERTHUS', 'Perempuan', 'Istri', '08/02/1981', 'Sudah Menikah', 'Mengurus Rumah Tangga', 'SMA/SMLB/MA/SMK/MAK/paket C', 5371042712074892),
(5371044803650003, 'THERSIA ', 'Perempuan', 'Kepala Keluarga', '08/03/1965', 'Belum Menikah', 'Pekerja Lepas', 'DIV/S1', 5371042512074007),
(5371044804950001, 'KEZYA TULLE', 'Perempuan', 'Anak', '08/04/1995', 'Belum Menikah', 'Pelajar/Mahasiswa', 'SMP/SMPLB/MTs/Paket B', 5371042012070817),
(5371044806720006, 'YUNITA P. SADUKH', 'Perempuan', 'Kepala Keluarga', '06/08/1972', 'Belum Menikah', 'Pekerja Lepas', 'SMA/SMLB/MA/SMK/MAK/paket C', 5371040210190011),
(5371044808950004, 'ANANDA O. STELAFISTA THEI', 'Perempuan', 'Menantu', '08/08/1995', 'Belum Menikah', 'Pelajar/Mahasiswa', 'SMP/SMPLB/MTs/Paket B', 5371042512072458),
(5371044810770001, 'OFDIANA FERONICA BOYMAU', 'Perempuan', 'Anak', '08/10/1977', 'Sudah Menikah', 'Belum Bekerja', 'SMA/SMLB/MA/SMK/MAK/paket C', 5371042012070770),
(5371044812040001, 'DESRY ADOLFINA BANU', 'Laki-Laki', 'Anak', '08/12/2004', 'Belum Menikah', 'Pelajar/Mahasiswa', 'SD/SDLB/MI/Paket A', 5371042612073256),
(5371044903060002, 'CLAUDYA AQUILERA NDOLU', 'Perempuan', 'Anak', '09/03/2006', 'Belum Menikah', 'Pelajar/Mahasiswa', 'SD/SDLB/MI/Paket A', 5371042712072229),
(5371044907380002, 'ELISABETH MAU-MANAFE', 'Perempuan', 'Istri', '09/07/1938', 'Sudah Menikah', 'Mengurus Rumah Tangga', 'SD/SDLB/MI/Paket A', 5371042412070172),
(5371044907850011, 'YUSINA BAUANA', 'Perempuan', 'Famili Lain', '09/07/1985', 'Belum Menikah', 'Belum Bekerja', 'SMA/SMLB/MA/SMK/MAK/paket C', 5371040207120019),
(5371044911560004, 'JOVITA JENNY Z. NDAUMANU', 'Perempuan', 'Kepala Keluarga', '09/11/1956', 'Belum Menikah', 'Belum Bekerja', 'DI/DII/DIII', 5371041104180005),
(5371044912640003, 'LAURETHA DIANA MAU', 'Perempuan', 'Kepala Keluarga', '09/12/1964', 'Belum Menikah', 'PNS', 'DIV/S1', 5371042401140002),
(5371045002180002, 'LOVELY CHARISMA BERE', 'Perempuan', 'Anak', '10/02/2018', 'Belum Menikah', 'Belum Bekerja', 'Belum/Tidak Pernah Sekolah', 5371043008120011),
(5371045005410004, 'MARIA MAGDALENA ADULANU', 'Perempuan', 'Kepala Keluarga', '10/05/1941', 'Cerai Mati', 'Mengurus Rumah Tangga', 'SD/SDLB/MI/Paket A', 5371042312073197),
(5371045006560001, 'D. A. LONAKIOEK-BESSIE', 'Laki-Laki', 'Istri', '10/06/1956', 'Sudah Menikah', 'Mengurus Rumah Tangga', 'SMA/SMLB/MA/SMK/MAK/paket C', 5371042412070026),
(5371045006860011, 'FRANSISKA DORTIA GEDA RANDU', 'Perempuan', 'Kepala Keluarga', '10/06/1986', 'Belum Menikah', 'SWASTA', 'DI/DII/DIII', 5371041907120023),
(5371045011050004, 'MILAN S. PUTRI KANAYA', 'Perempuan', 'Anak', '10/11/2005', 'Belum Menikah', 'Pelajar/Mahasiswa', 'SD/SDLB/MI/Paket A', 5371042712072647),
(5371045101690004, 'OLIMPIA FATIMA DE JESUS', 'Perempuan', 'Kepala Keluarga', '11/01/1969', 'Cerai Mati', 'Mengurus Rumah Tangga', 'SD/SDLB/MI/Paket A', 5371042604190015),
(5371045101750005, 'RUT NDOLU PORWATA', 'Laki-Laki', 'Istri', '11/01/1975', 'Sudah Menikah', 'WIRASWASTA', 'SMA/SMLB/MA/SMK/MAK/paket C', 5371042712072229),
(5371045102880008, 'MARIA Y.F. WONLELE', 'Perempuan', 'Anak', '11/02/1986', 'Belum Menikah', 'Belum Bekerja', 'SMA/SMLB/MA/SMK/MAK/paket C', 5371042612070785),
(5371045102950010, 'NITRI F.M SINLALOE', 'Perempuan', 'Istri', '11/02/1995', 'Sudah Menikah', 'Belum Bekerja', 'SMA/SMLB/MA/SMK/MAK/paket C', 5371041912120003),
(5371045104890003, 'FITRIA IRWANA MUNIR', 'Perempuan', 'Istri', '11/04/1989', 'Sudah Menikah', 'Mengurus Rumah Tangga', 'SMA/SMLB/MA/SMK/MAK/paket C', 5371041302180006),
(5371045107770001, 'FONI HFNT. LAISKODAT', 'Perempuan', 'Istri', '11/07/1977', 'Sudah Menikah', 'WIRASWASTA', 'SMA/SMLB/MA/SMK/MAK/paket C', 5371042804110009),
(5371045207020002, 'MARIA ESTERLITA FERNANDEZ AIKOLI', 'Perempuan', 'Anak', '12/07/2002', 'Belum Menikah', 'Pelajar/Mahasiswa', 'SMP/SMPLB/MTs/Paket B', 5371042312071501),
(5371045212510002, 'DRA CARLA NDOEN', 'Perempuan', 'Kepala Keluarga', '12/12/1951', 'Cerai Mati', 'Pensiunan', 'DIV/S1', 5371041801110003),
(5371045302720004, 'IRIANI FLORIDA NANGE', 'Perempuan', 'Kepala Keluarga', '13/02/1972', 'Sudah Menikah', 'Mengurus Rumah Tangga', 'SMA/SMLB/MA/SMK/MAK/paket C', 5371040501120003),
(5371045304670004, 'ERNI MASANG BAKO', 'Perempuan', 'Istri', '13/01/1967', 'Sudah Menikah', 'Mengurus Rumah Tangga', 'SMA/SMLB/MA/SMK/MAK/paket C', 5371042512070633),
(5371045306700005, 'MARGARETHA THERIK', 'Perempuan', 'Kepala Keluarga', '13/06/1970', 'Belum Menikah', 'Belum Bekerja', 'SMA/SMLB/MA/SMK/MAK/paket C', 5371040703120007),
(5371045401600003, 'SELFINORA NANGE', 'Perempuan', 'Kepala Keluarga', '14/01/1960', 'Sudah Menikah', 'Mengurus Rumah Tangga', 'SD/SDLB/MI/Paket A', 5371042512071571),
(5371045404730013, 'EMI BIA BELE', 'Perempuan', 'Istri', '14/04/1973', 'Sudah Menikah', 'WIRASWASTA', 'SMA/SMLB/MA/SMK/MAK/paket C', 5371042412071582);
INSERT INTO `penduduk` (`nik`, `nama`, `jenis_kelamin`, `hubungan_keluarga`, `lahir`, `status_perkawinan`, `pekerjaan`, `pendidikan`, `kel_no_kk`) VALUES
(5371045405060005, 'ASTILANY P. B. S. SOLUK', 'Perempuan', 'Anak', '14/05/2006', 'Sudah Menikah', 'Pelajar/Mahasiswa', 'SMP/SMPLB/MTs/Paket B', 5371042412070534),
(5371045407040001, 'JEDI Y. LAINATA', 'Perempuan', 'Famili Lain', '14/07/2004', 'Belum Menikah', 'Pelajar/Mahasiswa', 'SMA/SMLB/MA/SMK/MAK/paket C', 5371042612073813),
(5371045408760009, 'PETRONELA KRISTIANI ASNAT HAMID', 'Perempuan', 'Istri', '14/08/1976', 'Sudah Menikah', 'PNS', 'DI/DII/DIII', 5371042612073013),
(5371045409740005, 'SINCE L. YOSEPH', 'Perempuan', 'Istri', '14/09/1974', 'Sudah Menikah', 'Mengurus Rumah Tangga', 'SMA/SMLB/MA/SMK/MAK/paket C', 5371042712070512),
(5371045503600090, 'MANILIS MANDALA-HANDOKOLI', 'Perempuan', 'Istri', '15/03/1965', 'Sudah Menikah', 'Mengurus Rumah Tangga', 'SD/SDLB/MI/Paket A', 5371040301120006),
(5371045507740007, 'YULIANA BLANDINA TORSIA', 'Perempuan', 'Kepala Keluarga', '15/07/1974', 'Cerai Mati', 'Pekerja Lepas', 'SMA/SMLB/MA/SMK/MAK/paket C', 5371040102170020),
(5371045507880001, 'WINDA M. YONO', 'Perempuan', 'Istri', '15/07/1988', 'Sudah Menikah', 'Belum Bekerja', 'SMA/SMLB/MA/SMK/MAK/paket C', 5371041907100012),
(5371045509800005, 'YESTI RIA KAPITAN', 'Perempuan', 'Istri', '15/09/1980', 'Sudah Menikah', 'Mengurus Rumah Tangga', 'SMA/SMLB/MA/SMK/MAK/paket C', 5371042612073813),
(5371045510870003, 'MARIA O.M.S. WONLELE', 'Perempuan', 'Anak', '15/10/1987', 'Sudah Menikah', 'Belum Bekerja', 'SMA/SMLB/MA/SMK/MAK/paket C', 5371042612070785),
(5371045511660004, 'DINA WELMINCE DETHAN PENPADA', 'Perempuan', 'Istri', '15/11/1966', 'Sudah Menikah', 'Pekerja Lepas', 'SD/SDLB/MI/Paket A', 5371042512074465),
(5371045605760009, 'MEGIE JOOSTENSZ AHAB', 'Perempuan', 'Istri', '16/05/1976', 'Sudah Menikah', 'Mengurus Rumah Tangga', 'SMA/SMLB/MA/SMK/MAK/paket C', 5371042106110009),
(5371045608830020, 'MAYA C. THERIK', 'Perempuan', 'Istri', '16/08/1983', 'Sudah Menikah', 'Mengurus Rumah Tangga', 'SMA/SMLB/MA/SMK/MAK/paket C', 5371042712072647),
(5371045702590002, 'FRANSINA MANAFE', 'Perempuan', 'Istri', '17/02/1959', 'Sudah Menikah', 'Mengurus Rumah Tangga', 'SD/SDLB/MI/Paket A', 5371042612073493),
(5371045702670004, 'AGNES H. Z. NDAUMANU ', 'Perempuan', 'Kepala Keluarga', '17/02/1962', 'Belum Menikah', '', 'DIV/S1', 5371042505150015),
(5371045703170002, 'DARLING MARGARETA SUPENO', 'Perempuan', 'Anak', '17/03/2017', 'Belum Menikah', 'Belum Bekerja', 'Belum/Tidak Pernah Sekolah', 5371040211150003),
(5371045704900002, 'DARIA FATIMA DA COSTA', 'Perempuan', 'Anak', '17/04/1990', 'Belum Menikah', 'Pekerja Lepas', 'SMA/SMLB/MA/SMK/MAK/paket C', 5371042604190015),
(5371045705520006, 'JUDIK M. FANGGIDAE', 'Laki-Laki', 'Kepala Keluarga', '17/05/1952', 'Belum Menikah', 'Pensiunan', 'SD/SDLB/MI/Paket A', 5371043009130001),
(5371045706970004, 'SANDRA EVITA ADULANU', 'Perempuan', 'Menantu', '17/08/1997', 'Belum Menikah', 'Belum Bekerja', 'SMA/SMLB/MA/SMK/MAK/paket C', 5371041706110005),
(5371045708600005, 'AGUSTINA SOLLO-KIUK', 'Perempuan', 'Kepala Keluarga', '17/08/1960', 'Belum Menikah', 'Mengurus Rumah Tangga', 'SMA/SMLB/MA/SMK/MAK/paket C', 5371042512070960),
(5371045708710006, 'SUSANA NDOLU', 'Laki-Laki', 'Istri', '17/08/1971', 'Sudah Menikah', 'Mengurus Rumah Tangga', 'SMP/SMPLB/MTs/Paket B', 5371042712071510),
(5371045712620002, 'DRA. ANNE MERY THEI ', 'Perempuan', 'Anak', '17/12/1962', 'Belum Menikah', 'PNS', 'DIV/S1', 5371042512072458),
(5371045801730003, 'JOY EKEL WEMI KRITI SOLUK', 'Laki-Laki', 'Anak', '01/11/1993', 'Belum Menikah', 'Pelajar/Mahasiswa', 'SMA/SMLB/MA/SMK/MAK/paket C', 5371042412070534),
(5371045801730090, 'WILANA MARLIN SOLUK-TAEDINI', 'Perempuan', 'Istri', '18/01/1973', 'Sudah Menikah', 'Mengurus Rumah Tangga', 'SMA/SMLB/MA/SMK/MAK/paket C', 5371042412070534),
(5371045802810011, 'SITI AISYAH TALIB', 'Perempuan', 'Famili Lain', '18/02/1991', 'Belum Menikah', 'Belum Bekerja', 'SMP/SMPLB/MTs/Paket B', 5371042705130035),
(5371045804520004, 'ELISABETH SOLU', 'Perempuan', 'Istri', '18/04/1952', 'Sudah Menikah', 'Pensiunan', 'SMA/SMLB/MA/SMK/MAK/paket C', 5371042412070599),
(5371045808820008, 'YOUNELL FROGERITT DJARA', 'Perempuan', 'Istri', '18/08/1982', 'Sudah Menikah', 'PNS', 'DIV/S1', 5371041002150004),
(5371045808840009, 'FERONIKA MAILETI', 'Perempuan', 'Menantu', '18/08/1984', 'Belum Menikah', 'Belum Bekerja', 'SMP/SMPLB/MTs/Paket B', 5371042312071009),
(5371045809950005, 'F.W.S.LONAKIOEK', 'Laki-Laki', 'Anak', '18/09/1995', 'Belum Menikah', 'Pelajar/Mahasiswa', 'SMA/SMLB/MA/SMK/MAK/paket C', 5371042412070026),
(5371045809950008, 'FALANTIA W. S. LONAKIOEK', 'Perempuan', 'Anak', '18/09/1995', 'Belum Menikah', 'Pelajar/Mahasiswa', 'SMA/SMLB/MA/SMK/MAK/paket C', 5371042412070026),
(5371045810830007, 'DELSI OKTAVIA SANU', 'Perempuan', 'Istri', '18/10/1983', 'Sudah Menikah', 'Mengurus Rumah Tangga', 'SMP/SMPLB/MTs/Paket B', 5371041501150002),
(5371045902770009, 'NURAINI TAEDINI BAHWERES', 'Perempuan', 'Istri', '19/02/1977', 'Sudah Menikah', 'Belum Bekerja', 'SMA/SMLB/MA/SMK/MAK/paket C', 5371042705130004),
(5371045908820003, 'YESY AGUSTINA FANGGI TASIK', 'Perempuan', 'Istri', '29/08/1982', 'Sudah Menikah', 'Pegawai BUMN', 'DIV/S1', 5371042310170007),
(5371045910110003, 'PRICYLIA A.P.SL.  LONAKIOEK', 'Perempuan', 'Anak', '19/10/2011', 'Belum Menikah', 'Belum Bekerja', 'SD/SDLB/MI/Paket A', 5371041912120003),
(5371045910690004, 'FARIDA YANTI TULLE', 'Perempuan', 'Kepala Keluarga', '19/10/1969', 'Cerai Mati', 'Mengurus Rumah Tangga', 'SMA/SMLB/MA/SMK/MAK/paket C', 5371040611180011),
(5371045911450002, 'SARLOTHA TAEDINI', 'Perempuan', 'Kepala Keluarga', '19/11/1945', 'Sudah Menikah', 'Mengurus Rumah Tangga', 'SD/SDLB/MI/Paket A', 5371040901150008),
(5371045911520001, 'MERRY G. MESSAKH', 'Perempuan', 'Kepala Keluarga', '19/11/1952', 'Cerai Mati', 'Pensiunan', 'DIV/S1', 5371040609120001),
(5371046002580001, 'SITI RAHMAWATI MUHAMAD', 'Perempuan', 'Istri', '20/02/1958', 'Sudah Menikah', 'Mengurus Rumah Tangga', 'SD/SDLB/MI/Paket A', 5371040501120005),
(5371046004470001, 'HANA A. MAILETI ANIN', 'Perempuan', 'Istri', '20/04/1947', 'Sudah Menikah', 'Mengurus Rumah Tangga', 'SD/SDLB/MI/Paket A', 5371042312071009),
(5371046005950008, 'THESALONIKA N.P. TANAUW', 'Perempuan', 'Anak', '20/05/1995', 'Belum Menikah', 'Pelajar/Mahasiswa', 'SD/SDLB/MI/Paket A', 5371042903120012),
(5371046009820001, 'RUT OLA', 'Perempuan', 'Kepala Keluarga', '20/09/1982', 'Belum Menikah', 'Mengurus Rumah Tangga', 'SD/SDLB/MI/Paket A', 5371042606200004),
(5371046010050002, 'ANITA S. R. BUNGA', 'Perempuan', 'Anak', '20/10/2005', 'Belum Menikah', 'Pelajar/Mahasiswa', 'SD/SDLB/MI/Paket A', 5371042712074892),
(5371046102850002, 'ORPA PETRONELA MODOK', 'Perempuan', 'Istri', '21/02/1985', 'Sudah Menikah', 'Mengurus Rumah Tangga', 'DI/DII/DIII', 5371042312071501),
(5371046202670001, 'FEBRIANA R. H. MAAK', 'Perempuan', 'Kepala Keluarga', '22/02/1987', 'Sudah Menikah', 'Mengurus Rumah Tangga', 'SMA/SMLB/MA/SMK/MAK/paket C', 5371040804140003),
(5371046203960006, 'PUTRI SUNDARI SOEPENO', 'Perempuan', 'Kepala Keluarga', '22/03/1996', 'Belum Menikah', '', 'DIV/S1', 5371040801190002),
(5371046204760001, 'ANI AMELIA NINU FUNAY ', 'Perempuan', 'Anak', '22/04/1976', 'Belum Menikah', 'PNS', 'DIV/S1', 5371042312070438),
(5371046208670007, 'SONYA FRIDA ARIANCE ADULANU', 'Perempuan', 'Anak', '22/08/1967', '', 'Belum Bekerja', 'DIV/S1', 5371041706110005),
(5371046303710011, 'BIBIANA S. BEDA', 'Perempuan', 'Kepala Keluarga', '23/03/1971', 'Sudah Menikah', 'Belum Bekerja', 'SMP/SMPLB/MTs/Paket B', 5371040912100026),
(5371046308060010, 'SHEREN ELVIA NANGE', 'Perempuan', 'Anak', '23/08/2006', 'Belum Menikah', 'Pelajar/Mahasiswa', 'SD/SDLB/MI/Paket A', 5371041305140009),
(5371046309770006, 'SERLIE KRISTIN ADRIANI LITTIK', 'Perempuan', 'Istri', '23/08/1977', 'Sudah Menikah', 'PNS', 'SD/SDLB/MI/Paket A', 5371040501120011),
(5371046407960002, 'BONIK ARTHA WACANA MANDALA', 'Perempuan', 'Anak', '24/07/1996', 'Belum Menikah', 'Pelajar/Mahasiswa', 'SMA/SMLB/MA/SMK/MAK/paket C', 5371040301120006),
(5371046408400001, 'PAULINA HAILITIK SANOE', 'Perempuan', 'Kepala Keluarga', '24/08/1940', 'Cerai Mati', 'Mengurus Rumah Tangga', 'SD/SDLB/MI/Paket A', 5371042802180007),
(5371046408670005, 'MARIA M.D. THEI', 'Perempuan', 'Istri', '24/08/1967', 'Sudah Menikah', 'Mengurus Rumah Tangga', 'SMA/SMLB/MA/SMK/MAK/paket C', 5371042712070773),
(5371046412950003, 'DONA ANGELA ADRIANA ADOE', 'Perempuan', 'Famili Lain', '24/12/1995', 'Belum Menikah', 'Pelajar/Mahasiswa', 'SMA/SMLB/MA/SMK/MAK/paket C', 5371042712071243),
(5371046502620002, 'TRIITJE LORENGSI MODOK-NALLE', 'Perempuan', 'Istri', '25/02/1962', 'Sudah Menikah', 'Mengurus Rumah Tangga', 'SMA/SMLB/MA/SMK/MAK/paket C', 5371042412074870),
(5371046505520003, 'MARIANCE DETHAN NDAOMANU', 'Perempuan', 'Kepala Keluarga', '25/05/1952', 'Cerai Mati', 'Mengurus Rumah Tangga', 'SD/SDLB/MI/Paket A', 5371041701180011),
(5371046505820008, 'MIKE ERLITA LEO', 'Perempuan', 'Istri', '25/05/1982', 'Sudah Menikah', 'WIRASWASTA', 'SMA/SMLB/MA/SMK/MAK/paket C', 5371042512071176),
(5371046509700003, 'SEPRIANA W.S.TANAUW NGIK', 'Perempuan', 'Istri', '25/09/1970', 'Sudah Menikah', '', 'SMA/SMLB/MA/SMK/MAK/paket C', 5371042903120012),
(5371046512750013, 'DEASY NATAHLIA DJUNGU, SE ', 'Perempuan', 'Istri', '25/12/1975', 'Sudah Menikah', 'Mengurus Rumah Tangga', 'DIV/S1', 5371042303110007),
(5371046606080003, 'INGRID ALISYA MUSKANAN', 'Perempuan', 'Anak', '26/06/2008', 'Belum Menikah', 'Pelajar/Mahasiswa', 'SD/SDLB/MI/Paket A', 5371042512071176),
(5371046607750014, 'YULIANA ROSARIA SAMOSIR', 'Perempuan', 'Kepala Keluarga', '26/07/1975', 'Belum Menikah', 'PNS', 'DIV/S1', 5371042603120012),
(5371046611770004, 'SOFIANA AMALO', 'Perempuan', 'Istri', '26/11/1977', 'Sudah Menikah', 'Mengurus Rumah Tangga', 'SMA/SMLB/MA/SMK/MAK/paket C', 5371042312073763),
(5371046612770004, 'WINNY LISTINI MARIA TAEDINI', 'Perempuan', 'Anak', '26/12/1977', 'Belum Menikah', 'Pekerja Lepas', 'DIV/S1', 5371042412070599),
(5371046702790004, 'THERSIA DIAN MANDIRI', 'Perempuan', 'Istri', '22/09/1963', 'Sudah Menikah', 'Mengurus Rumah Tangga', 'SMA/SMLB/MA/SMK/MAK/paket C', 5371042712074306),
(5371046705880010, 'SITI HARIANA ADJAM', 'Perempuan', 'Istri', '27/05/1988', 'Sudah Menikah', 'Mengurus Rumah Tangga', 'SMA/SMLB/MA/SMK/MAK/paket C', 5371041505130009),
(5371046712970006, 'NATALIA TUANAHOPE', 'Perempuan', 'Anak', '27/12/1997', 'Belum Menikah', 'Pelajar/Mahasiswa', 'SMP/SMPLB/MTs/Paket B', 5371042212071228),
(5371046801840005, 'YUSTINA ADRIANA NAISAU, S.Pd', 'Perempuan', 'Istri', '28/01/1984', 'Sudah Menikah', 'PNS', 'DIV/S1', 5371042502110016),
(5371046803670006, 'HANA ASNATH LOLAIN', 'Perempuan', 'Famili Lain', '28/03/1967', 'Belum Menikah', 'Belum Bekerja', 'SMP/SMPLB/MTs/Paket B', 5371042712071386),
(5371046803930004, 'MARIFTHA R.P. THEI', 'Perempuan', 'Anak', '28/03/1993', 'Belum Menikah', 'Belum Bekerja', 'SD/SDLB/MI/Paket A', 5371042712070773),
(5371046804870007, 'AFRILINDA ATI', 'Perempuan', 'Istri', '28/04/1987', 'Sudah Menikah', 'SWASTA', 'DIV/S1', 5371042912110033),
(5371046808690006, 'ERMY AGUSTINA WADU', 'Perempuan', 'Istri', '28/08/1969', 'Sudah Menikah', 'Mengurus Rumah Tangga', 'SMA/SMLB/MA/SMK/MAK/paket C', 5371042612073256),
(5371046808910001, 'NINING MASANG', 'Perempuan', 'Anak', '28/08/1991', 'Belum Menikah', 'Pelajar/Mahasiswa', 'SD/SDLB/MI/Paket A', 5371042512070633),
(5371046901110003, 'CLEARISTA FEDORA MBAU', 'Perempuan', 'Anak', '29/01/2011', 'Belum Menikah', 'Pelajar/Mahasiswa', 'SD/SDLB/MI/Paket A', 5371040703120007),
(5371046901740001, 'FRANKINA GETRUIDA NOMLENI', 'Perempuan', 'Istri', '29/01/1974', 'Sudah Menikah', 'WIRASWASTA', 'SMA/SMLB/MA/SMK/MAK/paket C', 5371040501120023),
(5371046903860003, 'DESTI MASANG', 'Perempuan', 'Anak', '29/03/1986', 'Sudah Menikah', 'WIRASWASTA', 'SMA/SMLB/MA/SMK/MAK/paket C', 5371042512070633),
(5371046904820006, 'BENDELINA CAROLINA DYRA', 'Perempuan', 'Istri', '29/04/1982', 'Sudah Menikah', 'PNS', 'SMA/SMLB/MA/SMK/MAK/paket C', 5371040908100013),
(5371046909650003, 'ERNA MELIANTJE ADULANU', 'Perempuan', 'Kepala Keluarga', '29/09/1965', 'Cerai Mati', 'WIRASWASTA', 'SMA/SMLB/MA/SMK/MAK/paket C', 5371041908140006),
(5371046910080001, 'AN CHRISTIANA AENG ADOE', 'Perempuan', 'Anak', '29/10/2008', 'Belum Menikah', 'Belum Bekerja', 'Belum/Tidak Pernah Sekolah', 5371040908100013),
(5371046911660005, 'YASHINTA F. DIDOEK', 'Perempuan', 'Istri', '19/11/1965', 'Sudah Menikah', 'Belum Bekerja', 'SMA/SMLB/MA/SMK/MAK/paket C', 5371042612070785),
(5371046911940002, 'LILI MASANG', 'Perempuan', 'Anak', '29/11/1994', 'Belum Menikah', 'Pelajar/Mahasiswa', 'SD/SDLB/MI/Paket A', 5371042512070633),
(5371047001030005, 'CHATRINE ELISABETH ELUANA', 'Perempuan', 'Anak', '30/01/2003', 'Belum Menikah', 'Pelajar/Mahasiswa', 'SD/SDLB/MI/Paket A', 5371042612073013),
(5371047003610001, 'SUMIANI KASSE', 'Perempuan', 'Istri', '30/03/1961', 'Sudah Menikah', 'WIRASWASTA', 'SMP/SMPLB/MTs/Paket B', 5371042712074243),
(5371047005110001, 'WASSIMAH Z. YUMNI', 'Perempuan', 'Anak', '30/05/2011', 'Belum Menikah', 'Belum Bekerja', 'Belum/Tidak Pernah Sekolah', 5371041907100012),
(5371047006820005, 'SERLYANTY FANGGIDAE', 'Perempuan', 'Istri', '30/06/1982', 'Sudah Menikah', 'PNS', 'DIV/S1', 5371041305140009),
(5371047006880002, 'CECILIA ANGGI MONALISA MAN', 'Perempuan', 'Anak', '30/08/1988', 'Belum Menikah', 'Belum Bekerja', 'DIV/S1', 5371041908140006),
(5371047010890003, 'VERONIKA R.O WONLELE', 'Perempuan', 'Anak', '30/10/1989', 'Belum Menikah', 'Belum Bekerja', 'SMA/SMLB/MA/SMK/MAK/paket C', 5371042612070785),
(5371047112650006, 'LAURENTIA M. G. O. BUNYU', 'Perempuan', 'Istri', '31/12/1965', 'Sudah Menikah', 'Belum Bekerja', 'SMA/SMLB/MA/SMK/MAK/paket C', 5371042212071228),
(5371051206630001, 'DANIEL RAONG', 'Laki-Laki', 'Kepala Keluarga', '12/06/1963', 'Sudah Menikah', 'WIRASWASTA', 'SMP/SMPLB/MTs/Paket B', 5371053107120011),
(5371052505860001, 'MELFON MARKUS BALLO', 'Laki-Laki', 'Menantu', '25/05/1986', 'Belum Menikah', 'Belum Bekerja', 'SMA/SMLB/MA/SMK/MAK/paket C', 5371051412110025),
(5371054112070001, 'JESICA YULIANA LOLAIN', 'Perempuan', 'Anak', '01/12/2007', 'Belum Menikah', 'Pelajar/Mahasiswa', 'SD/SDLB/MI/Paket A', 5371042712071220),
(5371054407990001, 'MARTHINA ANGGISTA RAONG', 'Perempuan', 'Anak', '04/07/1999', 'Belum Menikah', 'Pelajar/Mahasiswa', 'SMP/SMPLB/MTs/Paket B', 5371053107120011),
(5371055001970001, 'LEONORA VIKTORIA BALLO', 'Perempuan', 'Menantu', '10/01/1997', 'Belum Menikah', 'Pelajar/Mahasiswa', 'SMP/SMPLB/MTs/Paket B', 5371051412110025),
(5371056204940001, 'RILLY ASTRILI SARLINCE BALLO', 'Perempuan', 'Menantu', '22/04/1994', 'Belum Menikah', 'Pelajar/Mahasiswa', 'SMA/SMLB/MA/SMK/MAK/paket C', 5371051412110025),
(5371056512990001, 'AGUSTINA NATALIA DIANA BALLO', 'Perempuan', 'Menantu', '25/12/1999', 'Belum Menikah', 'Pelajar/Mahasiswa', 'SD/SDLB/MI/Paket A', 5371051412110025),
(5371056711860001, 'SARLIN SANU', 'Perempuan', 'Kepala Keluarga', '27/09/1986', 'Cerai Mati', 'Mengurus Rumah Tangga', 'SD/SDLB/MI/Paket A', 5371051412110025),
(5371057010820002, 'OCTOVENA SELFI RUTMI D. DONGI', 'Perempuan', 'Menantu', '30/10/1982', 'Belum Menikah', 'Belum Bekerja', 'SMA/SMLB/MA/SMK/MAK/paket C', 5371051412110025),
(5371066406710001, 'YUNITA SALOM RAONG KOILAL', 'Perempuan', 'Istri', '24/06/1971', 'Sudah Menikah', 'Mengurus Rumah Tangga', 'SMA/SMLB/MA/SMK/MAK/paket C', 5371053107120011),
(7571050811080002, 'FAHRIJI MANDALA', 'Laki-Laki', 'Anak', '08/11/2008', 'Belum Menikah', 'Pelajar/Mahasiswa', 'SD/SDLB/MI/Paket A', 5371041407200027),
(7571051606690003, 'ALAUDIN DJON MANDALA', 'Laki-Laki', 'Kepala Keluarga', '16/06/1969', 'Sudah Menikah', '', 'SMP/SMPLB/MTs/Paket B', 5371041407200027),
(7571054801770001, 'DJAURA DALILA', 'Perempuan', 'Istri', '08/01/1977', 'Sudah Menikah', 'Mengurus Rumah Tangga', 'SD/SDLB/MI/Paket A', 5371041407200027),
(7571055211020001, 'ANNUR MANDALA', 'Perempuan', 'Anak', '12/11/2002', 'Belum Menikah', 'Pelajar/Mahasiswa', 'SMA/SMLB/MA/SMK/MAK/paket C', 5371041407200027),
(7571091011110001, 'MOH. ALIF MANDALA', 'Laki-Laki', 'Anak', '10/11/2011', 'Belum Menikah', 'Pelajar/Mahasiswa', 'SD/SDLB/MI/Paket A', 5371041407200027),
(9103016206970005, 'MAGDALENA EMINCE HAMADI', 'Perempuan', 'Famili Lain', '22/06/1997', 'Belum Menikah', 'Pelajar/Mahasiswa', 'SMA/SMLB/MA/SMK/MAK/paket C', 5371042512074007),
(9271030905070001, 'JEREMY GIBEN SAMOSIR', 'Laki-Laki', 'Anak', '09/05/2007', 'Belum Menikah', 'Pelajar/Mahasiswa', 'SD/SDLB/MI/Paket A', 5371042310180015),
(9271032306770004, 'JOHANNES PANDAPOTAN SAMOSIR', 'Laki-Laki', 'Kepala Keluarga', '23/06/1977', 'Cerai Mati', 'WIRASWASTA', 'SMA/SMLB/MA/SMK/MAK/paket C', 5371042310180015);

-- --------------------------------------------------------

--
-- Table structure for table `publikasi`
--

CREATE TABLE `publikasi` (
  `file_article` varchar(255) NOT NULL,
  `judul_publish` varchar(100) NOT NULL,
  `tanggal_terbit` varchar(10) NOT NULL,
  `id_publish` int(11) NOT NULL
) ENGINE=InnoDB DEFAULT CHARSET=utf8mb4;

-- --------------------------------------------------------

--
-- Table structure for table `umkm`
--

CREATE TABLE `umkm` (
  `id_Usaha` int(50) NOT NULL,
  `nama_usaha` varchar(130) NOT NULL,
  `alamat_tempat_usaha` varchar(255) NOT NULL,
  `nama_kk` varchar(100) NOT NULL,
  `umur` int(50) NOT NULL,
  `nama_pemilik` varchar(135) NOT NULL,
  `alamat_tempat_tinggal` varchar(135) NOT NULL,
  `pendidikan_pemilik` enum('Belum/Tidak Pernah Sekolah','Belum/Tidak Pernah Tamat SD/SDLB/MI/Paket A','SD/SDLB/MI/Paket A','SMP/SMPLB/MTs/Paket B','SMA/SMLB/MTA/SMK/MAK/paket C','DI/DII/DII','DIV/S1','S2','S3') NOT NULL,
  `jenis_lokasi_usaha` enum('Tetap','Keliling') NOT NULL,
  `jenis_pengelolaan_usaha` enum('Perorangan','Badan Usaha') NOT NULL,
  `kbli` varchar(150) NOT NULL,
  `rincian_kgiatan_usaha` text NOT NULL,
  `omset` enum('Omset <= Rp.300 Juta','Rp.300 Juta < Omset <= Rp.2,5 Milliar','Rp.2,5 Milliar < Omset <= Rp.50 Milliar') NOT NULL,
  `kekayaan_bersih_usaha` enum('KBU <= Rp.50 Juta','Rp.50 Juta < KBU <= Rp.500 Juta','Rp.500 Juta < KBU <= Rp.10 Milliar') NOT NULL,
  `jumlah_tenaga_kerja` enum('1-5 Tenaga Kerja','6-19 Tenaga Kerja',' 20 Tenaga Kerja') NOT NULL,
  `modal_usaha` enum('Modal Sendiri','Bantuan Pemerintah','Modal Sendiri & Bantuan Pemerintah') NOT NULL,
  `bina_usaha` enum('Ya','Tidak') NOT NULL
) ENGINE=InnoDB DEFAULT CHARSET=utf8mb4;

--
-- Indexes for dumped tables
--

--
-- Indexes for table `admin_login`
--
ALTER TABLE `admin_login`
  ADD PRIMARY KEY (`user_id`);

--
-- Indexes for table `kbli`
--
ALTER TABLE `kbli`
  ADD PRIMARY KEY (`id_kbli`);

--
-- Indexes for table `kelahiran`
--
ALTER TABLE `kelahiran`
  ADD PRIMARY KEY (`id_lahir`);

--
-- Indexes for table `keluar`
--
ALTER TABLE `keluar`
  ADD PRIMARY KEY (`id_pindah`);

--
-- Indexes for table `keluarga`
--
ALTER TABLE `keluarga`
  ADD PRIMARY KEY (`no_kk`);

--
-- Indexes for table `kematian`
--
ALTER TABLE `kematian`
  ADD PRIMARY KEY (`id_kematian`);

--
-- Indexes for table `masuk`
--
ALTER TABLE `masuk`
  ADD PRIMARY KEY (`id_masuk`);

--
-- Indexes for table `penduduk`
--
ALTER TABLE `penduduk`
  ADD PRIMARY KEY (`nik`);

--
-- Indexes for table `publikasi`
--
ALTER TABLE `publikasi`
  ADD PRIMARY KEY (`id_publish`);

--
-- Indexes for table `umkm`
--
ALTER TABLE `umkm`
  ADD PRIMARY KEY (`id_Usaha`);

--
-- AUTO_INCREMENT for dumped tables
--

--
-- AUTO_INCREMENT for table `admin_login`
--
ALTER TABLE `admin_login`
  MODIFY `user_id` int(11) NOT NULL AUTO_INCREMENT, AUTO_INCREMENT=18;

--
-- AUTO_INCREMENT for table `kbli`
--
ALTER TABLE `kbli`
  MODIFY `id_kbli` int(100) NOT NULL AUTO_INCREMENT, AUTO_INCREMENT=89;

--
-- AUTO_INCREMENT for table `kelahiran`
--
ALTER TABLE `kelahiran`
  MODIFY `id_lahir` int(11) NOT NULL AUTO_INCREMENT, AUTO_INCREMENT=168;

--
-- AUTO_INCREMENT for table `keluar`
--
ALTER TABLE `keluar`
  MODIFY `id_pindah` int(11) NOT NULL AUTO_INCREMENT, AUTO_INCREMENT=37;

--
-- AUTO_INCREMENT for table `kematian`
--
ALTER TABLE `kematian`
  MODIFY `id_kematian` int(11) NOT NULL AUTO_INCREMENT;

--
-- AUTO_INCREMENT for table `masuk`
--
ALTER TABLE `masuk`
  MODIFY `id_masuk` int(20) NOT NULL AUTO_INCREMENT, AUTO_INCREMENT=420;

--
-- AUTO_INCREMENT for table `publikasi`
--
ALTER TABLE `publikasi`
  MODIFY `id_publish` int(11) NOT NULL AUTO_INCREMENT;

--
-- AUTO_INCREMENT for table `umkm`
--
ALTER TABLE `umkm`
  MODIFY `id_Usaha` int(50) NOT NULL AUTO_INCREMENT;
COMMIT;

/*!40101 SET CHARACTER_SET_CLIENT=@OLD_CHARACTER_SET_CLIENT */;
/*!40101 SET CHARACTER_SET_RESULTS=@OLD_CHARACTER_SET_RESULTS */;
/*!40101 SET COLLATION_CONNECTION=@OLD_COLLATION_CONNECTION */;
